tipo,texto
spam,"¡Felicidades! Ganaste un iPhone completamente GRATIS. Haz clic aquí para reclamarlo."
spam,"Gana $500 al día trabajando desde casa. Regístrate ahora."
spam,"Tu cuenta será suspendida. Verifica tu información inmediatamente en este enlace."
spam,"Oferta limitada: consigue medicamentos con 70% de descuento aquí."
spam,"Has sido seleccionado para un premio exclusivo. Confirmalo ya."
spam,"Invierte en criptomonedas y duplica tu dinero en 24 horas."
spam,"Última oportunidad para reclamar tu reembolso. Ingresa tu tarjeta ahora."
spam,"Acceso VIP gratuito a contenido premium solo hoy. Haz clic aquí."
spam,"¡Tu paquete está retenido! Paga la tarifa de envío aquí para liberarlo."
spam,"Gana dinero rápido sin esfuerzo. Aprende cómo ahora."
spam,"Consigue seguidores y likes ilimitados totalmente gratis."
spam,"Retira tus ganancias ahora. Tu saldo está listo para cobrar."
spam,"Aumenta tu crédito en minutos usando este método secreto."
spam,"Tu contraseña expiró. Restablécela en este enlace seguro."
spam,"Multiplica tus ingresos con este software automático."
spam,"No pierdas esta oportunidad única de negocio. Contáctanos."
spam,"Ahorra miles comprando desde este sitio oculto."
spam,"Registra tu tarjeta para obtener tu premio asegurado."
spam,"Gana un viaje todo incluido. Solo completa este formulario."
spam,"Actualiza tu información bancaria para evitar cargos."
spam,"Tu cuenta fue comprometida. Ingresa aquí para protegerla."
spam,"Obtén préstamos inmediatos sin verificación de crédito."
spam,"Haz clic para acceder a fotos exclusivas antes de que expiren."
spam,"Has sido elegido para recibir una compensación gubernamental."
spam,"Recibe pagos diarios solo por responder encuestas."
spam,"Tus impuestos tienen un reembolso pendiente. Revísa tu caso aquí."
spam,"Aumenta tu rendimiento físico con este suplemento milagroso."
spam,"Tu tarjeta será bloqueada. Valida tu identidad ahora."
spam,"Haz crecer tu negocio con esta herramienta automatizada."
spam,"Invierte ahora y obtén ganancias garantizadas."
spam,"Activa tu cuenta premium sin pagar nada."
spam,"Recibe alertas de inversión que te harán millonario."
spam,"Tu dispositivo está infectado. Descarga el antivirus aquí."
spam,"Participa en nuestro sorteo por un auto nuevo."
spam,"Descubre cómo hacer dinero mientras duermes."
spam,"Este truco financiero está cambiando vidas. Entra ahora."
spam,"Tu suscripción fue suspendida. Reingresa tus datos."
spam,"Obtén acceso a documentos privados con este enlace."
spam,"No pagues más por electricidad; mira este truco."
ham,"Hola, ¿vas a venir a la reunión mañana?"
ham,"Te envío el archivo que me pediste ayer."
ham,"¿A qué hora nos vemos para cenar?"
ham,"El profesor cambió la fecha del examen."
ham,"¿Puedes revisar este documento cuando tengas tiempo?"
ham,"Acabo de llegar a casa, ¿nos conectamos luego?"
ham,"La presentación quedó lista, te la comparto más tarde."
ham,"Recuerda llevar tu identificación para el trámite."
ham,"Hoy no podré asistir al entrenamiento."
ham,"¿Quieres que pase por ti en la mañana?"
ham,"Estoy preparando café, ¿quieres uno?"
ham,"El paquete llegó sin problemas, ya lo guardé."
ham,"¿Viste la película que te recomendé?"
ham,"Tengo una duda sobre el proyecto, ¿puedes ayudarme?"
ham,"Feliz cumpleaños, espero que tengas un excelente día."
ham,"Agregué las notas a la carpeta compartida."
ham,"Ya imprimí los documentos para la reunión."
ham,"Voy camino al trabajo, llego en 20 minutos."
ham,"Gracias por tu ayuda hoy."
ham,"El evento empieza a las 6, no llegues tarde."
ham,"Tu pedido está listo para recogerlo en la tienda."
ham,"¿Me confirmas si vienes al almuerzo?"
ham,"Mañana habrá mantenimiento en el sistema."
ham,"La mascota del vecino tuvo cachorros."
ham,"¿Quieres unirte a la videollamada del equipo?"
ham,"Compré los ingredientes para la cena de hoy."
ham,"Te mando la dirección por mensaje privado."
ham,"El clima está perfecto para salir a caminar."
ham,"¿Puedes enviarme la foto que tomaste ayer?"
ham,"Ten cuidado en la carretera, hay mucho tráfico."
ham,"Revisé el informe y ya se ve bien."
ham,"Hoy hay descuento en la librería."
ham,"Voy a llegar un poco tarde, discúlpame."
ham,"El taller empieza el viernes, no lo olvides."
ham,"¿Necesitas que te ayude con tus compras?"
ham,"Dejé las llaves sobre la mesa."
ham,"Mañana tenemos reunión de equipo."
ham,"¿Lograste instalar el programa?"
ham,"La película estuvo excelente, deberías verla."
ham,"Estoy libre esta tarde por si quieres hablar."
spam,"¡GANASTE! Haz clic para reclamar tu premio de $1,000,000 ahora."
spam,Oferta limitada: el 90% de descuento en medicamentos. Solo hoy.
spam,Gana dinero fácil desde casa. Sin experiencia necesaria. Regístrate aquí.
spam,Tu cuenta bancaria ha sido bloqueada. Confirma tus datos en este enlace.
spam,"¿Quieres más seguidores? Compra 10,000 seguidores por solo $5."
spam,¡URGENTE! Necesitamos tu ayuda para transferir una gran suma de dinero.
spam,Eres elegible para un préstamo de bajo interés. Responde SÍ para aplicar.
spam,Desbloquea tus fantasías secretas con este sitio web. Solo para adultos.
spam,"Felicitaciones, has sido seleccionado para una prueba gratuita de 30 días."
spam,Elimina la grasa abdominal rápidamente. Producto milagroso. ¡Cómpralo ya!
spam,Última oportunidad de invertir en nuestra criptomoneda exclusiva.
spam,Tu iPhone ha sido infectado. Haz clic para limpiar el virus de inmediato.
spam,Venta flash: perfumes de marca a precios increíbles. Envío gratis.
spam,NO ABRIR. Mensaje clasificado como alto riesgo de seguridad.
spam,¿Cansado de trabajar? Vive de ingresos pasivos. Curso intensivo por $19.99.
spam,Tienes un paquete pendiente de entrega. Paga la tarifa de aduana aquí.
spam,Mensaje automático: Hemos detectado actividad sospechosa en tu tarjeta.
spam,¡Aumenta tu rendimiento! Suplemento 100% natural garantizado.
spam,Conoce solteros cerca de ti. Regístrate gratis en menos de un minuto.
spam,"Eres el visitante número 1,000,000. Reclama tu recompensa."
spam,Nunca más te preocupes por las deudas. Llama a este número ahora.
spam,"Oportunidad de trabajo: solo unas horas al día, gran remuneración."
spam,La clave de licencia de tu software ha caducado. Haz clic para renovar.
spam,Te hemos estado observando. Paga $500 en Bitcoin para evitar problemas.
spam,Obtén tu título universitario en 30 días. Sin exámenes.
spam,Un pariente lejano te ha dejado una herencia millonaria. Contáctanos.
spam,¿Necesitas Viagra? Enviamos discretamente a tu domicilio.
spam,¡Descuento EXCLUSIVO para ti! Válido solo por las próximas 6 horas.
spam,Tu suscripción se renovará automáticamente por $299. Cancela aquí.
spam,Este es un mensaje de prueba de nuestro nuevo sistema de phishing.
spam,Libros electrónicos gratuitos sobre cómo hacerse rico rápidamente. Descárgalos.
spam,Compra acciones de empresas no cotizadas con un potencial de 100x.
spam,Revisa los resultados de tu lotería. Tu número ha sido seleccionado.
spam,¡Garantizado! Baja 10 kilos en una semana con nuestra dieta secreta.
spam,Se requiere una verificación inmediata de tu cuenta de email.
spam,La mejor VPN ilimitada a un precio ridículo. Compra ahora.
spam,Haz match con mujeres jóvenes y hermosas. 100% perfiles verificados.
spam,¡Feliz cumpleaños! Reclama tu regalo sorpresa de nuestra tienda.
spam,Aviso de desalojo: haz clic aquí para pagar el alquiler atrasado.
spam,Hazte millonario en 30 días. Método probado y garantizado.
ham,¿Nos vemos en el café a las 3 PM para discutir el proyecto?
ham,Te envío adjunto el documento que me pediste para la reunión de mañana.
ham,¡Hola! ¿Cómo te fue en tu viaje de fin de semana? Mándame fotos.
ham,El código de verificación para tu inicio de sesión es: 839201.
ham,Recuerda que la clase de yoga se canceló hoy por el mal clima.
ham,Gracias por tu pedido. Tu número de seguimiento es: 45R98T2H.
ham,"¿Podrías comprar leche y pan de camino a casa, por favor?"
ham,La factura de este mes ya está disponible para su descarga en el portal.
ham,Acabo de ver la película que me recomendaste. ¡Me encantó!
ham,¿Me puedes recordar el nombre del restaurante al que fuimos el sábado?
ham,El informe trimestral estará listo para su revisión el viernes.
ham,Hemos recibido tu solicitud. Uno de nuestros agentes te contactará pronto.
ham,¿Llegaste bien? Avísame cuando estés en casa.
ham,El próximo evento de la empresa será el 15 de diciembre en el salón principal.
ham,¿Tienes los apuntes de la última clase de matemáticas? Los perdí.
ham,Mañana tenemos el dentista a las 10:30 AM. No olvides el seguro.
ham,El perro necesita un paseo. ¿Puedes sacarlo en cuanto llegues?
ham,Te confirmo que el cambio de horario ha sido aprobado.
ham,¡Felicidades por tu ascenso! ¡Te lo mereces!
ham,"Este es el itinerario de vuelo: Salida 14:00, Llegada 18:30."
ham,La reserva del hotel está a nombre de Juan Pérez.
ham,¿Me prestas tu cargador de celular? El mío se rompió.
ham,"El precio final del presupuesto es de $1,500 antes de impuestos."
ham,"Por favor, revisa el archivo adjunto para ver las correcciones."
ham,"El ensayo debe tener un mínimo de 1,000 palabras. La fecha límite es el lunes."
ham,El número de mesa para la cena es el 5. Pregunta por mi nombre.
ham,¿Alguien va al supermercado? Necesito huevos y mantequilla.
ham,El pronóstico del tiempo para mañana es de lluvia. Lleva paraguas.
ham,El recibo de tu donación ya fue enviado a tu correo.
ham,El router no funciona. Voy a llamar al servicio técnico.
ham,¿Vienes a la fiesta de cumpleaños de María? Es a las 8 PM.
ham,Tu cita médica ha sido confirmada para el jueves a las 4 PM.
ham,La olla a presión está en la estantería de arriba. Ten cuidado.
ham,¿Quieres ir al cine a ver la nueva película de acción?
ham,Se ha registrado un nuevo dispositivo en tu cuenta. ¿Fuiste tú?
ham,"Te llamo en 10 minutos, estoy terminando una videollamada."
ham,El concierto de la banda empieza a las 9 PM. Ya tengo las entradas.
ham,El plazo para pagar la colegiatura vence este fin de semana.
ham,El nuevo horario de la biblioteca es de 9 AM a 7 PM.
ham,"Por favor, verifica tu dirección de envío antes de confirmar el pedido."
spam,"¡FELICIDADES! Has ganado $1,000,000 dólares. Haz clic aquí para reclamar tu premio ahora: bit.ly/gana-ya"
spam,"Tu cuenta de Banco será bloqueada en 24h. Verifica tu identidad aquí: bancofalso-login.com"
spam,"Pierde 20kg en 1 semana con nuestras pastillas milagrosas. 95% de descuento solo hoy!"
spam,"Hola guapa, eres muy hermosa. ¿Quieres ver mi foto privada? 😏"
spam,"Transferencia recibida: $5,500. Confirma tu cuenta bancaria para recibir el dinero: linkfalso.com"
spam,"URGENTE: Tu paquete está retenido en aduana. Paga $2.99 para liberarlo: aduanafalsa.com"
spam,"Has sido seleccionado para un iPhone 16 Pro GRATIS. Solo 3 unidades restantes!"
spam,"Amplía tu miembro 8cm en 30 días. Producto 100% natural y garantizado."
spam,"Netflix: Tu suscripción caduca hoy. Renueva ahora o perderás el acceso: netflix-cobro.com"
spam,"Tu número ganó el sorteo de Walmart. Reclama tu tarjeta de $500 aquí."
spam,"Préstamo aprobado de hasta $50,000 sin buró de crédito. Respuesta en 5 minutos."
spam,"Mamá te extraño, mándame dinero por favor, perdí el celular. Este es mi nuevo número."
spam,"Oferta exclusiva: Viagra genérico al 90% de descuento. Envío discreto."
spam,"Tu Apple ID ha sido bloqueado por actividad sospechosa. Restablécelo aquí: appleid-seguridad.com"
spam,"Gana $500 diarios trabajando desde casa. Solo necesitas registrarte aquí."
spam,"¡Última oportunidad! Compra Bitcoin y duplica tu inversión en 24h."
spam,"Eres el visitante 999,999. Haz clic para ganar un premio sorpresa."
spam,"Tu tarjeta de crédito fue usada en otro país. Confirma que fuiste tú: linkbancariofalso.com"
spam,"Hola, soy una modelo rusa buscando pareja seria. ¿Hablamos en privado?"
spam,"Descarga esta app y gana $100 por cada amigo que invites."
spam,"Tu IMEI está en lista negra. Desbloquea tu celular aquí por solo $19.99"
spam,"Tarot gratis + primera consulta 3 minutos sin costo. Llama ya al 806xxxxxx"
spam,"Recarga tu saldo y duplica el monto al instante. Oferta limitada."
spam,"Has sido preaprobado para un crédito de $100,000. Sin aval ni comprobantes."
spam,"Fotos íntimas de tu ex filtradas. Haz clic antes de que se hagan públicas."
spam,"Amazon: Tu pedido #AMZ12345 fue cancelado. Revisa aquí para reactivarlo."
spam,"Tu WhatsApp será desactivado en 2 horas si no verificas tu cuenta."
spam,"Invertiste en criptomonedas y ganaste $12,450. Retira tus ganancias aquí."
spam,"Seguro médico gratis para ti y tu familia. Solo llena este formulario."
spam,"Tu perfil fue reportado. Confirma que no violas las normas aquí."
spam,"Gana un viaje todo incluido a Cancún para 2 personas. Solo hoy."
spam,"Antivirus detectó 47 virus en tu celular. Descarga la limpieza ahora."
spam,"Tu cuenta de Facebook será eliminada permanentemente en 24h. Haz clic para salvarla."
spam,"Prueba gratis 30 días de Disney+, HBO y Netflix en un solo lugar."
spam,"Tu número fue seleccionado para un premio de $250,000 en efectivo."
spam,"Remedio casero para la calvicie. Resultados en 7 días o te devolvemos tu dinero."
spam,"Hola, soy el técnico de tu banco. Necesito tus datos para solucionar un error."
spam,"Cupón de $1000 para Shein. Solo 10 cupones restantes."
spam,"Tu celular ha sido infectado con un virus espía. Limpia ahora gratis."
spam,"¡Felicidades! Eres el ganador del sorteo de Liverpool. Reclama tu premio."
ham,"Oye, ya llegué al súper, ¿necesitas algo más además de leche y pan?"
ham,"Mañana tenemos reunión a las 10 am, no lo olvides por favor."
ham,"Te envío la presentación que me pediste, dime si necesitas cambios."
ham,"Feliz cumpleaños mamá! Te queremos mucho ❤️"
ham,"El profe subió las calificaciones, saqué 9.5 en matemáticas 😎"
ham,"¿A qué hora pasamos por ti para ir al cine?"
ham,"Ya pagué la luz, aquí te mando el comprobante."
ham,"Gracias por prestarme el libro, está muy bueno."
ham,"Nos vemos en la cafetería a las 6, ¿va?"
ham,"Te extraño mucho, ojalá nos veamos pronto."
ham,"El pedido ya llegó, gracias por recomendar esa tienda."
ham,"¿Ya viste la nueva temporada de Stranger Things? Está increíble."
ham,"Te mando la ubicación del restaurante donde quedamos."
ham,"No olvides llevar el cargador, aquí no hay enchufes."
ham,"Listo, ya reservé la mesa para las 8 pm."
ham,"¿Cómo te fue en el examen de hoy?"
ham,"Aquí está el PDF con el contrato, revísalo cuando puedas."
ham,"Avísame cuando salgas del trabajo para coordinar."
ham,"Te dejé las llaves debajo del tapete, entra sin problema."
ham,"¿Vas a ir al partido del sábado? Yo sí voy."
ham,"Ya terminé el reporte, te lo envío en 5 minutos."
ham,"Cuídate mucho, está haciendo mucho frío."
ham,"Gracias por ayudarme con la mudanza, no sé qué haría sin ti."
ham,"¿Me pasas la receta del pastel que hiciste? Quedó delicioso."
ham,"El veterinario dijo que Luna está perfecta de salud."
ham,"Te comparto la playlist que armé para el viaje."
ham,"Nos vemos el domingo en casa de los abuelos."
ham,"Ya compré los boletos para el concierto, ¿cuánto te debo?"
ham,"Avísame si necesitas que te dé raite al aeropuerto."
ham,"Te mando foto de cómo quedó el pastel de cumpleaños."
ham,"Estoy en la fila del banco, tardo un poco más."
ham,"¿Te late pedir sushi o mejor tacos para la cena?"
ham,"Ya quedó lista la tarea de los niños, gracias por la ayuda."
ham,"Te quiero mucho, que tengas un excelente día ❤️"
ham,"El profe adelantó el examen para el viernes, hay que estudiar."
ham,"¿Vas a la junta de padres mañana en la escuela?"
ham,"Ya deposité lo de la colegiatura, aquí está el comprobante."
ham,"Oye, ¿me prestas tu cargador? Se me olvidó el mío."
ham,"Nos vemos en el gimnasio a las 7, no me falles."
ham,"Te paso el contacto del plomero, es muy bueno y confiable."
spam,"¡GANA DINERO FÁCIL! Trabaja desde casa y gana $5000 mensuales. Sin experiencia requerida. Haz clic aquí: bit.ly/ganadinero123"
ham,"Hola María, ¿podemos reunirnos mañana a las 3pm para revisar el proyecto?"
spam,"URGENTE: Tu cuenta bancaria ha sido suspendida. Verifica tu información ahora: bancoseguro.net/verificar"
ham,"Recordatorio: La reunión de padres será el viernes a las 5pm en el auditorio"
spam,"¡Oferta exclusiva! iPhone 15 por solo $199. ¡Solo hoy! Compra ahora: ofertasflash.com/iphone"
ham,"¿Podrías enviarme el reporte mensual cuando tengas un momento? Gracias"
spam,"Gana un viaje todo pagado a Cancún. Responde SÍ a este mensaje para participar"
ham,"Feliz cumpleaños! Espero que tengas un día maravilloso"
spam,"¡Farmacia online! Viagra, Cialis sin receta. Precios increíbles: farmaciaexpress.net"
ham,"Tu pedido #2845 ha sido enviado. Llegará el miércoles 15 de octubre"
spam,"¡HEREDASTE $1,000,000! Un familiar te dejó herencia. Contacta al abogado: 555-0123"
ham,"El dentista confirma tu cita para el lunes 9am. Por favor llega 15 minutos antes"
spam,"¡Cupón de 80% descuento en Amazon! Usa código: AMAZON80. Válido solo 2 horas"
ham,"¿Quieres que nos juntemos para cenar este viernes? Tengo una reserva a las 8pm"
spam,"Tu número ganó un Samsung Galaxy S24. Reclama tu premio: premiosgratis.net/claim"
ham,"Buenos días equipo, la reunión de hoy se pospone para las 11am"
spam,"¡Alerta de seguridad! Tu Netflix será cancelado. Actualiza tu pago: netflix-seguro.com"
ham,"Gracias por tu solicitud. Hemos recibido tu CV y lo revisaremos pronto"
spam,"¡Oferta de trabajo! Gana $100 por hora como misterioso comprador. Inscríbete ya"
ham,"Mamá, llego a casa alrededor de las 7pm. ¿Necesitas que compre algo?"
spam,"¡Tu tarjeta de crédito fue aprobada! Límite de $50,000. Solicita ahora: creditosrapidos.org"
ham,"Recordatorio de pago: Tu factura de electricidad vence el 15 de este mes"
spam,"¡Perdí 20kg en 3 semanas! Descubre el secreto: dietamilagrosa.com/pierdepeso"
ham,"Hola doctor, necesito reprogramar mi cita del jueves. ¿Hay disponibilidad el viernes?"
spam,"¡Inversión garantizada! Retornos del 300% en 30 días. Invierte ahora: inversionsegura.net"
ham,"Tu código de verificación es: 458392. Válido por 10 minutos"
spam,"¡Tu paquete no pudo ser entregado! Actualiza tu dirección: correos-express.net/paquete"
ham,"¿Podrías pasarme los apuntes de la clase de ayer? No pude asistir"
spam,"¡Criptomonedas! Bitcoin subirá 1000% esta semana. Compra ahora: cryptogains.biz"
ham,"La pizza que ordenaste está en camino. Llega en 25-35 minutos"
spam,"¡Préstamos inmediatos! Sin buro de crédito. Desde $5,000 hasta $100,000. Aplica ya"
ham,"Bienvenido a nuestro servicio. Para activar tu cuenta haz clic en el enlace enviado a tu email"
spam,"¡Tu suscripción a Amazon Prime ha expirado! Renueva ahora: amazon-renew.com"
ham,"Tu vuelo AA245 está confirmado. Facturación online disponible 24 horas antes"
spam,"¡Trabajo desde casa! Gana $200 diarios completando encuestas. Inscríbete gratis"
ham,"Confirmado: Tu cita con el dermatólogo es el próximo martes a las 10:30am"
spam,"¡Oferta limitada! TV 65' 4K por $299. Solo quedan 3 unidades. Compra ya"
ham,"Hijo, no olvides recoger a tu hermana del entrenamiento a las 6pm"
spam,"¡Urgente! Tu Windows tiene virus. Descarga el antivirus aquí: pc-protection.net"
ham,"Tu reserva en Restaurante El Puerto está confirmada para hoy a las 8pm para 4 personas"
spam,"¡Gana un auto BMW! Participa en nuestro sorteo. Envía AUTO al 55555"
ham,"Tu examen de laboratorio está listo. Puedes ver los resultados en tu portal médico"
spam,"¡Inversión en oro! Precios suben 50% este mes. Compra ahora: goldinvestment.com"
ham,"Recordatorio: Tu libro prestado vence en 3 días. ¿Quieres renovarlo?"
spam,"¡Tu cuenta de PayPal necesita verificación! Accede inmediatamente: paypal-secure.net"
ham,"Tu entrenamiento personalizado está listo. Revisa tu email para los detalles"
spam,"¡Diplomas universitarios sin estudiar! Bachilleratos, maestrías, doctorados. Info aquí"
ham,"La junta de condominio será este sábado a las 10am en el salón social"
spam,"¡Alarma de seguridad activada en tu casa! Verifica aquí: homesecurity-alert.com"
ham,"Tu donación ha sido procesada exitosamente. Recibirás un recibo por email"
spam,"¡Oferta de celular! 50% descuento en planes ilimitados. Solo hoy: telefonica-ofertas.net"
ham,"Tu suscripción a Netflix se renovará automáticamente el 15 de cada mes"
spam,"¡Gana $5000 semanales trabajando desde casa! Sin experiencia. Comienza hoy"
ham,"Tu pedido de pizza ha sido confirmado. Tiempo de entrega: 30-45 minutos"
spam,"¡Urgente! Tu licencia de conducir será suspendida. Verifica tus datos: dmv-update.org"
ham,"Confirmamos tu cita de mantenimiento del auto para el miércoles a las 9am"
spam,"¡Inversión en propiedades! Retorno garantizado 200% anual. Info: propiedadesgold.com"
ham,"Tu medicamento está listo para recoger en la farmacia. Horario: 8am-8pm"
spam,"¡Tu teléfono ganó un premio! Responde OK para recibir $1000 en efectivo"
ham,"Recordatorio de pago: Tu suscripción al gimnasio vence el 5 de cada mes"
spam,"¡Oferta exclusiva para ti! Laptop gaming por $399. Compra ahora: techdeals.biz"
ham,"Tu entrega de comida está en camino. El repartidor Juan llegará en 15 minutos"
spam,"¡Alerta de cuenta! Tu Instagram tuvo acceso sospechoso. Verifica: instagram-secure.net"
ham,"Tu cita para la vacuna COVID está programada para el viernes a las 2pm en el centro de salud"
spam,"¡Gana $100 por hora como tutor online! Sin experiencia requerida. Inscríbete hoy"
ham,"Tu reserva de hotel está confirmada del 15 al 20 de diciembre. Nº confirmación: HTL284756"
spam,"¡Tu orden de Amazon fue cancelada! Actualiza tu método de pago: amazon-orders.net"
ham,"Tu análisis de sangre muestra resultados normales. Puedes ver el detalle en tu portal"
spam,"¡Inversión en diamantes! Oportunidad única. Retornos del 500% garantizados"
ham,"Recordatorio: Tu clase de yoga es hoy a las 6pm. No olvides tu mat"
spam,"¡Tu servicio de luz será cortado! Paga ahora: compañialuz.net/pago-urgente"
ham,"Tu solicitud de vacaciones del 1 al 15 de agosto ha sido aprobada"
spam,"¡Oferta de trabajo! Modelos webcam ganan $5000 mensuales. Trabaja desde casa"
ham,"Tu pedido de supermercado será entregado entre 4pm y 6pm hoy"
spam,"¡Tu cuenta de Microsoft necesita verificación! Accede ahora: microsoft-verify.net"
ham,"Tu sesión de terapia está confirmada para el jueves a las 3pm por videollamada"
spam,"¡Gana un crucero por el Caribe! Responde CRUCERO al 12345 para participar"
ham,"Tu préstamo estudiantil tiene un pago pendiente de $350. Vence el 25 de este mes"
spam,"¡Urgente! Tu paquete de DHL no puede ser entregado. Actualiza datos: dhl-update.net"
ham,"Tu membresía al museo ha sido renovada exitosamente. Válida por un año"
spam,"¡Inversión en petróleo! Oportunidad única. Gana 1000% en 6 meses. Info aquí"
ham,"Tu cita para la revisión dental de rutina es el próximo mes. Te llamaremos para confirmar"
spam,"¡Atención! Tienes un bono pendiente por reclamar. Entra ahora antes de que expire."
spam,"Activa tu tarjeta digital y recibe $300 de bienvenida."
spam,"No pagues más por internet; cambia a nuestro servicio oculto y ahorra un 80%."
spam,"Gana recompensas ilimitadas instalando esta aplicación secreta."
spam,"El sistema detectó actividad sospechosa. Reestablece tu cuenta aquí."
spam,"Tu banco autorizó un pago extraño. Cancélalo en este enlace."
spam,"Descubre el método que usan los famosos para hacerse ricos rápidamente."
spam,"Aprovecha nuestra oferta de préstamos instantáneos sin papeleo."
spam,"Haz clic para recibir acceso exclusivo a películas recién estrenadas."
spam,"Gana un cupón de supermercado solo por responder esta encuesta."
spam,"Confirma tu información fiscal para evitar multas."
spam,"Compra relojes de lujo originales al 90% de descuento."
spam,"Tu garantía extendida está por vencer. Renuévala aquí."
spam,"Invierte hoy y recibe intereses diarios garantizados."
spam,"Tu email fue seleccionado para un premio en efectivo."
spam,"Descarga esta app para acelerar tu teléfono y eliminar virus."
spam,"Adquiere tu tarjeta de regalo Amazon gratis, limitada por tiempo."
spam,"Haz clic para obtener acceso anticipado a ofertas secretas."
spam,"Cobra tu incentivo gubernamental completando este formulario."
spam,"Tu cuenta premium fue activada accidentalmente, cancélala aquí."
spam,"Recibe recompensas diarias solo por iniciar sesión."
spam,"Tu dirección fue seleccionada para un envío gratuito."
spam,"No pierdas tu saldo acumulado; transfórmalo en dinero real aquí."
spam,"Ahorra 50% en medicamentos si compras desde este enlace especial."
spam,"Solicita tu tarjeta negra sin historial crediticio."
spam,"Tu número ganó un sorteo sorpresa. Reclámalo ahora."
spam,"Accede a cursos caros completamente gratis con este truco."
spam,"Confirma tu última compra o tu cuenta será suspendida."
spam,"Tu móvil tiene archivos dañados. Repara el sistema aquí."
spam,"Conviértete en influencer en horas con esta herramienta automatizada."
spam,"Tu membresía exclusiva está lista para activarse."
spam,"Compra vuelos a mitad de precio usando este portal alternativo."
spam,"Gana dinero viendo videos desde tu teléfono."
spam,"Tu identidad está en riesgo; valida tus datos urgentemente."
spam,"Reclama tu paquete retenido pagando la tarifa mínima."
spam,"Mejora tu salud con este suplemento avalado por celebridades."
spam,"Obtén acceso ilimitado a libros premium sin pagar."
spam,"Tu sesión fue iniciada desde otro país; revisa tu actividad."
spam,"Recibe alertas de inversiones con beneficios inmediatos."
spam,"Tu tarjeta tendrá un cargo automático; cancélalo aquí."
ham,"Estoy organizando los archivos del proyecto, luego te los paso."
ham,"¿Quieres que prepare algo para la reunión de mañana?"
ham,"Hoy saldré temprano del trabajo, ¿nos vemos?"
ham,"El auto ya está en el taller, me dijeron que estará listo mañana."
ham,"¿Puedes enviarme el número de contacto de tu proveedor?"
ham,"La clase del lunes cambió de salón."
ham,"Ayer empecé un libro nuevo, te lo puedo prestar si quieres."
ham,"Ya confirmé nuestra reservación para el sábado."
ham,"Te dejé la comida en el refrigerador."
ham,"El reporte mensual está casi terminado."
ham,"¿Pasas por la farmacia de regreso?"
ham,"Hoy hay bastante tráfico en el centro, toma precauciones."
ham,"Voy a caminar un rato, ¿quieres acompañarme?"
ham,"¿Pudiste resolver el problema con tu contraseña?"
ham,"El equipo solicitó mover la reunión a las 3 pm."
ham,"Subí las fotos del evento a la carpeta compartida."
ham,"El perro del vecino sigue ladrando toda la noche."
ham,"Mañana dejaré el coche para servicio."
ham,"¿Quieres que revise tu presentación antes de enviarla?"
ham,"La cafetería nueva está muy buena, deberíamos ir."
ham,"Acabo de terminar la lectura, luego te cuento."
ham,"El jardín necesita riego hoy, ¿puedes hacerlo tú?"
ham,"Voy de camino al súper, ¿necesitas algo?"
ham,"La videollamada se atrasó 10 minutos."
ham,"Te envié los documentos corregidos."
ham,"Hoy cocinaré pasta, ¿te apetece venir?"
ham,"Recién vi tu mensaje, discúlpame la demora."
ham,"Rompí un vaso sin querer, ya lo limpié."
ham,"La computadora está un poco lenta, quizá necesite actualización."
ham,"¿A qué hora es tu cita médica?"
ham,"Mi hermana llega mañana de viaje."
ham,"Hoy salió un clima perfecto para correr."
ham,"Estoy editando el video del proyecto."
ham,"¿Podemos repasar los puntos finales antes de enviarlo?"
ham,"Te dejé los libros sobre la mesa."
ham,"Acabo de recibir tu paquete; lo guardé en tu oficina."
ham,"¿Quieres que reserve los boletos con anticipación?"
ham,"La reunión fue muy productiva hoy."
ham,"Si necesitas ayuda con tu tarea, avísame."
ham,"Tengo libre el domingo, ¿quieres salir?"
spam,Su tarjeta de regalo de $500 de Amazon está lista. Ingrese su dirección aquí para enviarla.
spam,RENOVACIÓN URGENTE: La garantía de su coche está a punto de expirar. Llame al 800-555-0199.
spam,Haz clic aquí para ver fotos íntimas de tu ex pareja. MUY CONFIDENCIAL.
spam,Inversión garantizada: multiplica tu dinero por 10 en 24 horas. ¡Regístrate ahora!
spam,Su perfil de Facebook ha sido reportado por contenido ilegal. Verifique aquí para evitar el cierre.
spam,¿Problemas con el tamaño? La solución es natural y sin cirugía. ¡Ordene hoy!
spam,Oportunidad única: Viaje a las Bahamas con 95% de descuento. ¡Plazas limitadas!
spam,¿Está soltero y triste? Conozca a su alma gemela hoy. Citas 100% garantizadas.
spam,Tienes una multa de tránsito sin pagar. Descarga el aviso oficial en este enlace.
spam,Mensaje de servicio: Hemos detectado que su antivirus ha caducado. Comprar la renovación.
spam,¡Hemos encontrado un error en su historial crediticio! Corríjalo haciendo clic aquí.
spam,Accede a películas y series GRATIS de por vida. Solo tienes que crear una cuenta.
spam,Te espías a ti mismo con tu propia cámara web. Paga para que no se filtre el video.
spam,¡Deshazte de la calvicie! Fórmula mágica probada por millones.
spam,Compra Bitcoins con 50% de descuento. Válido solo para los primeros 100 clientes.
spam,Aviso de Hacienda: Tienes un reembolso de impuestos pendiente. Proporciona tus datos bancarios.
spam,Gana un crucero gratis respondiendo a esta sencilla encuesta de 3 preguntas.
spam,¿Quieres dejar de fumar en un día? Nuestro parche milagroso es la solución.
spam,Tu celular está siendo rastreado. Usa nuestra VPN para proteger tu privacidad.
spam,El precio del oro se disparará. ¡Invierte ahora en nuestro esquema piramidal!
spam,Tienes 3 mensajes de voz no leídos. Escúchalos haciendo clic en el link.
spam,PROMOCIÓN EXCLUSIVA: 7 días de acceso ilimitado a nuestro gimnasio por $1.
spam,¡Un extraño te ha enviado dinero! Confirma la recepción en este sitio.
spam,Tu cuenta de Netflix está bloqueada por falta de pago. Actualiza tu método de pago.
spam,Hemos aprobado un aumento de límite de crédito para ti. Responde con tus datos.
spam,Advertencia legal: Has infringido derechos de autor. Paga la multa para evitar el juicio.
spam,Consigue una hipoteca al 1% de interés. ¡Solicita información ya!
spam,Eres el ganador de un viaje todo pagado a París. Solo paga los impuestos de reserva.
spam,"¿Necesitas un software ilegal? Descárgalo aquí, 100% libre de virus (mentira)."
spam,Último aviso: Tu dominio web expira mañana. Renueva al triple del precio.
spam,¿Te sientes deprimido? Prueba nuestras píldoras de la felicidad. Resultados en 1 hora.
spam,Gana dinero rellenando encuestas desde casa. Pagan $100 por cada encuesta.
spam,¡Sorpresa! Hemos depositado $20 en tu cuenta PayPal. Inicia sesión para verlo.
spam,¡Tu smartphone es obsoleto! Compra nuestro nuevo modelo con 70% de descuento.
spam,Descuento solo para ti: 50% menos en nuestra tienda de joyería. Código: SUPERGANGA.
spam,Su paquete no pudo ser entregado porque no pagó el seguro de envío. Pague aquí.
spam,Eres elegible para recibir compensación por un accidente que nunca tuviste. Llama ahora.
spam,¿Te has preguntado cómo los ricos se hacen más ricos? Únete a nuestro seminario web.
spam,Vende tu casa en 24 horas. ¡Compramos al contado y sin inspecciones!
spam,¡No dejes que el gobierno te quite tu dinero! Invierte en oro.
ham,"¿Recogiste la ropa de la tintorería? Si no, yo lo hago después del trabajo."
ham,El código de restablecimiento de tu contraseña es: 778123. Válido por 10 minutos.
ham,"El médico dice que solo es un resfriado, nada grave. Estaré de vuelta el lunes."
ham,¿Puedes enviar las diapositivas de la presentación final del cliente antes del mediodía?
ham,Tienes un mensaje de voz nuevo de mamá. Dice que te llamó para saludarte.
ham,La escuela cerrará mañana debido a las fuertes nevadas. Aviso oficial adjunto.
ham,"No olvides sacar la basura esta noche, el camión pasa temprano mañana."
ham,AVISO: El mantenimiento del sistema se realizará de 2 AM a 4 AM del sábado.
ham,¡Mira este video divertido que encontré en YouTube! [link a video de gatos].
ham,¿Qué te pareció el último capítulo de la serie? Tenemos que hablar de ese final.
ham,"Hola, soy Lucía de Recursos Humanos. Confirma tu hora de entrevista."
ham,El autobús está retrasado unos 20 minutos. Te aviso cuando esté llegando.
ham,"Recibiste un depósito de nómina de $$$1,800.00 en tu cuenta."
ham,La biblioteca ha enviado un recordatorio: tienes dos libros vencidos.
ham,¡Feliz Aniversario! Te reservé en el restaurante italiano que tanto te gusta.
ham,Adjunto la cotización de los materiales de construcción que solicitaste.
ham,¿Vamos a la playa este fin de semana? Revisa el pronóstico del tiempo.
ham,"Por favor, usa la clave de acceso temporal: 5A9F2E. Cámbiala inmediatamente."
ham,El concierto estuvo increíble anoche. ¡La mejor banda en vivo!
ham,Mañana a las 9 AM es la reunión con el equipo de marketing. No llegues tarde.
ham,Se ha completado la transferencia de $$$50 a tu amigo. Comprobante ID: XY234.
ham,¿Tienes tiempo para un café rápido en 15 minutos? Estoy cerca de tu oficina.
ham,El plazo para la entrega del informe final se ha extendido hasta el miércoles.
ham,El paquete que esperabas de ropa llegará el viernes entre 10 AM y 2 PM.
ham,No sé cómo hacer esa receta. ¿Me podrías mandar los pasos por mensaje?
ham,"Te llamo más tarde, estoy en medio de una presentación importante ahora."
ham,Tu orden de compra N.º 1234 ha sido procesada y está lista para envío.
ham,Mi coche se averió en la carretera. ¿Puedes venir a recogerme en 30 minutos?
ham,Te mando por e-mail el enlace para acceder al webinar de mañana.
ham,¿A qué hora cierra el supermercado hoy? Necesito comprar algo urgente.
ham,La reunión del consejo escolar se pospuso hasta la próxima semana.
ham,La puerta de la cochera no cierra bien. Avísale al técnico por favor.
ham,Tienes 50 puntos de recompensa nuevos en tu tarjeta de fidelidad.
ham,Me encontré a Juan y le dije que te enviara el archivo.
ham,El examen de historia es la próxima semana. ¿Estudiaste ya?
ham,"Por favor, asegúrate de guardar una copia de seguridad de los archivos antes de actualizar."
ham,El perro se comió mis zapatos favoritos. ¡Qué desastre!
ham,La receta requiere 200 gramos de harina. ¿Tenemos suficiente en casa?
ham,El servicio de agua será interrumpido en tu zona por 4 horas el jueves.
ham,¿Llevo el postre a la cena? Avísame si necesitas algo más.
spam,"¡INCREÍBLE OFERTA! Rolex original por solo $89.99, solo hoy en stock limitado"
spam,"Tu INE fue encontrada en la calle. Verifica que seas tú en este enlace urgente"
spam,"Banorte detectó cargos no reconocidos por $48,500. Confirma aquí para cancelarlos"
spam,"Gana $800 dólares por hora rellenando encuestas desde tu celular. Registro gratis"
spam,"Tu cuenta de Mercado Libre fue suspendida. Reactívala en menos de 2 minutos aquí"
spam,"Pastillas para bajar de peso aprobadas por la FDA. -15 kg en 14 días garantizado"
spam,"Hola preciosa, eres la mujer más hermosa que he visto. ¿Me das tu WhatsApp?"
spam,"Telmex: Tu línea será cortada mañana por falta de pago. Paga aquí con tarjeta"
spam,"Tarjeta de regalo Starbucks $500 totalmente gratis. Solo quedan 7 disponibles"
spam,"Invierte $500 hoy y recibe $5,000 en 48 horas. Sistema automático 100% seguro"
spam,"Tu celular está siendo monitoreado. Descarga esta app para eliminar el spyware"
spam,"Has ganado un boleto para el concierto de Bad Bunny VIP. Reclama ya"
spam,"Cruz Roja necesita tu donativo urgente de $200 para niños con cáncer"
spam,"Hola soy Ana, nos conocimos en Tinder ¿te acuerdas de mí? Mira mis fotos nuevas"
spam,"CFE: Tu medidor presenta falla. Agenda cita técnica o te cortaremos el servicio"
spam,"Duplica tu saldo Movistar al recargar hoy. Oferta solo por este enlace"
spam,"Tu paquete de Shein está detenido en aduana México. Paga $150 de impuestos aquí"
spam,"Bitcoin subió 300%, invierte ahora y recupera todo lo perdido en días"
spam,"Fotos comprometedoras tuyas están circulando. Paga para eliminarlas"
spam,"Oferta relámpago: iPhone 15 Pro Max por $499 pesos mexicanos. Solo 5 unidades"
spam,"Tu cuenta de Instagram será eliminada en 3 horas por violar normas comunitarias"
spam,"Gana dinero viendo videos de YouTube. Ya pagamos a más de 50,000 mexicanos"
spam,"Préstamo inmediato $30,000 sin revisar buró. Dinero en tu cuenta en 10 minutos"
spam,"Hola, soy el soporte técnico de Microsoft. Tu PC tiene virus críticos"
spam,"Tu número ganó $1,000,000 en el sorteo de Telcel. Ingresa aquí para cobrar"
spam,"Crema antiarrugas que usan las famosas. Resultados en 3 días o te devolvemos todo"
spam,"Tu vuelo Volaris fue cancelado. Reembolsamos $8,500 a tu tarjeta aquí"
spam,"Amazon Prime: Tu membresía gratis de 1 año está por expirar. Renueva ahora"
spam,"Hola, tengo información importante sobre tu esposo. Contáctame en privado"
spam,"Vacuna tu PC gratis contra ransomware. Descarga el antivirus oficial aquí"
spam,"Tu perfil de Facebook fue hackeado. Cambia tu contraseña en este enlace"
spam,"Gana un departamento en Cancún contestando 3 preguntas fáciles"
spam,"Seguro de gastos médicos mayores desde $99 al mes. Cobertura total inmediata"
spam,"Tu tarjeta Liverpool fue clonada. Bloquéala aquí antes de que vacíen tu cuenta"
spam,"Hola bebita, estás sola? Te envío fotos mías si me mandas las tuyas primero"
spam,"Recibe $10,000 pesos semanales por manejar con publicidad en tu auto"
spam,"Tu cuenta Coppel fue bloqueada por compras sospechosas en línea"
spam,"Curso para hacerte millonario en dropshipping. Acceso de por vida por $499"
spam,"Tu WhatsApp será bloqueado permanentemente si no actualizas a la versión nueva"
spam,"¡Última hora! Vacantes de trabajo en Amazon desde casa pagando $400/hr"
ham,"Ya estoy en la terminal, ¿en qué puerta te recojo?"
ham,"Te mandé el archivo por WeTransfer, avísame cuando lo descargues"
ham,"¿Puedes cuidar al perro el viernes? Te pago lo de siempre"
ham,"Acabo de salir del dentista, todo salió bien, gracias por preguntar"
ham,"¿Viste el golazo de ayer? Increíble el partido"
ham,"Te dejé la comida en el refri, solo caliéntala 3 minutos"
ham,"Mañana es el cumpleaños de Luis, ¿vamos a comprar el regalo juntos?"
ham,"Ya imprimí los boletos del cine, nos toca sala 5 a las 8:30"
ham,"¿Me ayudas a elegir entre estas dos camisas para la entrevista?"
ham,"El mecánico dijo que solo es cambio de aceite, nada grave"
ham,"Te paso el número de la doctora, es muy buena y atiende sábados"
ham,"¿Trajiste el termo? Se me olvidó el mío y hace mucho calor"
ham,"Ya quedó lista la inscripción al curso de inglés, gracias por el apoyo"
ham,"Avísame cuando llegues a casa para quedarme tranquilo"
ham,"El profe canceló la clase de hoy, ¡día libre!"
ham,"¿Vas a la comida del domingo en casa de tu tía?"
ham,"Te envío la foto del modelo de vestido que te comenté"
ham,"Ya pagué mi parte de la cuenta de Netflix, gracias por adelantarla"
ham,"¿Me prestas tu taladro mañana? Solo lo ocupo unas horas"
ham,"Llegué al gimnasio, te guardo lugar en la clase de las 7"
ham,"¿Qué opinas si pintamos la sala de gris claro?"
ham,"El bebé ya gatea por todos lados, no lo puedo alcanzar jajaja"
ham,"Te comparto el link de la receta del salmón que tanto te gusta"
ham,"¿Nos vemos en el Oxxo de la esquina a las 4?"
ham,"Ya quedó el pastel, te mando foto cuando le ponga las velas"
ham,"Gracias por recogerme ayer, no sabes cuánto me ayudaste"
ham,"¿Traes efectivo? La tienda no acepta tarjeta hoy"
ham,"El tráfico está imposible, voy a tardar unos 20 minutos más"
ham,"Te dejé las pastillas para la alergia en la mesa de la cocina"
ham,"¿Ya leíste el libro que te presté? Quiero saber qué te pareció"
ham,"Nos tocó grupo con Ana y Marco para el proyecto, menos mal"
ham,"Avísame si necesitas que pase por la farmacia de regreso"
ham,"El clima dice que va a llover, lleva paraguas"
ham,"Ya compré los ingredientes para hacer lasagna el sábado"
ham,"Te mando captura de la conversación con el cliente"
ham,"¿Puedes revisar el ensayo? Solo quiero una segunda opinión"
ham,"La reunión se movió a las 3 pm en lugar de las 2"
ham,"Acabo de vacunar a los niños, todo salió perfecto"
ham,"¿Te late ver la nueva de Marvel el fin de semana que entra?"
ham,"Ya quedó la cita con el oculista para el martes a las 11"
spam,"¡GANE $300 DIARIOS! Trabaje desde su celular. Registrese gratis: gananciasrapidas.com/ingresos"
ham,"Hola Carlos, ¿llegarás a tiempo para la cena familiar de esta noche?"
spam,"SU TARJETA DE CRÉDITO HA SIDO BLOQUEADA. Llame inmediatamente al 1-800-555-0199"
ham,"Tu cita con el veterinario para Max está confirmada para el viernes a las 4:30 PM"
spam,"¡OFERTA RELÁMPAGO! MacBook Pro 2024 por $299. Solo 5 unidades: techmania.shop/mac"
ham,"¿Podrías comprar leche y pan de camino a casa? Se nos acabó"
spam,"HERENCIA MILLONARIA: Un desconocido te dejó $2,500,000. Contacte al notario: 555-6789"
ham,"Recordatorio: La presentación del proyecto es mañana a las 10 AM en la sala de conferencias"
spam,"¡PERDER PESO RÁPIDO! Quema 10kg en 7 días con este secreto: dietaprohibida.net"
ham,"Tu pedido de libros ha sido enviado. Número de seguimiento: LB284756319"
spam,"¡ALERTA DE SEGURIDAD! Su cuenta de Facebook fue hackeada. Verifique: fb-security.xyz"
ham,"Feliz aniversario de bodas! Los esperamos para cenar el sábado"
spam,"¡PRÉSTAMOS EN 5 MINUTOS! Sin aval, sin buro. Hasta $50,000: creditosultrarapidos.mx"
ham,"Tu examen médico anual está programado para el próximo martes a las 9:15 AM"
spam,"¡GANADOR OFICIAL! Su número 5487 ganó $50,000. Reclame: premiosnacionales.org"
ham,"¿Vas a ir al partido de fútbol del domingo? Tengo dos entradas extra"
spam,"¡TRABAJO FÁCIL! Gane $100 por encuesta. Solo 2 horas diarias: encuestasrentables.com"
ham,"Tu suscripción a Spotify se renovará automáticamente el próximo viernes"
spam,"¡URGENTE! Su servicio de agua será suspendido en 24 horas. Pague: aguamunicipal.pay"
ham,"La reunión de la asociación de padres será el jueves a las 6 PM en la biblioteca"
spam,"¡INVERSIÓN SEGURA! Doble su dinero en 15 días. Mínimo $1,000: inversionmillonaria.biz"
ham,"Tu reserva para el spa está confirmada para el sábado a las 2 PM. Llega 10 min antes"
spam,"¡OFERTA EXCLUSIVA! PlayStation 5 + 10 juegos por $199. Solo hoy: gamersparadise.shop"
ham,"Mamá, ¿me puedes prestar el auto esta noche? Tengo una cita"
spam,"¡ALERTA MÉDICA! Su seguro está por vencer. Renueve ahora: segurosalud24.net"
ham,"Tu entrega de Amazon llegará hoy entre 2 PM y 4 PM"
spam,"¡GANE UN IPHONE 15! Conteste esta pregunta: ¿Cuál es la capital de Francia? Envíe al 5555"
ham,"Recordatorio: El pago de la colegiatura vence el próximo lunes"
spam,"¡CRIPTOMONEDAS EXPLOSIVAS! Ethereum subirá 500% mañana. Compre: cryptoboom.cash"
ham,"Tu clase de piano ha sido reprogramada para el miércoles a las 5 PM"
spam,"¡SERVICIO TÉCNICO OFICIAL! Su computadora tiene virus. Descargue: pc-repair.tech"
ham,"Confirmamos tu reserva en el vuelo MX245 a Cancún para el 15 de diciembre"
spam,"¡TRABAJO DESDE CASA! Empaque productos y gane $200 diarios. Inscripción gratis"
ham,"Tu análisis de colesterol salió dentro de los parámetros normales"
spam,"¡OFERTA DE CELULAR! Plan ilimitado por $10 mensuales. Solo nuevos clientes: telcel-ofertas.net"
ham,"La cena de negocios está confirmada para el martes a las 8 PM en el restaurante La Terraza"
spam,"¡URGENTE! Su licencia de conducir expira mañana. Renueve: dmv-express.services"
ham,"Tu pedido de pizza familiar con extra queso está en camino. Llega en 20 min"
spam,"¡GANE $5,000 SEMANALES! Sea misterioso comprador. Sin experiencia: mystery-shopper.jobs"
ham,"Tu sesión de fisioterapia está programada para el jueves a las 11 AM"
spam,"¡ALERTA BANCARIA! Actividad sospechosa detectada. Verifique: banco-security.secure"
ham,"Tu libro reservado en la biblioteca ya está disponible para recoger"
spam,"¡INVERSIÓN INMOBILIARIA! Retornos del 400% en 6 meses. Info: propiedadeselite.invest"
ham,"Tu corte de cabello está confirmado para el viernes a las 3 PM con Antonio"
spam,"¡OFERTA DE TRABAJO! Modelos webcam ganan $200 por hora. Registro: webcam-studio.hire"
ham,"Tu donación al refugio de animales ha sido procesada. Recibirás un recibo"
spam,"¡SU ORDEN DE AMAZON NO PUDO ENTREGARSE! Actualice dirección: amazon-delivery.update"
ham,"Tu cita con el abogado está programada para el próximo lunes a las 10 AM"
spam,"¡GANE UN AUTO DE LUJO! BMW Serie 7 en sorteo exclusivo. Participe: autosdeensueño.win"
ham,"Recordatorio: Tu medicamento para la presión debe tomarse diariamente"
spam,"¡SERVICIO DE STREAMING SUSPENDIDO! Actualice sus datos: netflix-premium.account"
ham,"Tu reserva para el campo de golf está confirmada para el sábado a las 7:30 AM"
spam,"¡PRÉSTAMO EXPRESS! $10,000 en 10 minutos. Solo mayores de edad: prestamoya.money"
ham,"Tu taller de fotografía comienza este sábado a las 9 AM en el centro cultural"
spam,"¡ALERTA FISCAL! Tiene multas pendientes. Pague ahora: sat-mexico.payments"
ham,"Tu pedido de flores será entregado hoy antes de las 6 PM"
spam,"¡TRABAJO INTERNACIONAL! Gane en dólares desde México. Registro: trabajoglobal.hire"
ham,"Tu sesión de terapia de pareja está confirmada para el miércoles a las 4 PM"
spam,"¡OFERTA ÚNICA! TV 85\" 8K por $499. Solo 3 disponibles: electrodomesticos-baratos.shop"
ham,"Tu examen de manejo está programado para el próximo viernes a las 2 PM"
spam,"¡GANE PREMIOS INSTANTÁNEOS! Responda ¿Cuánto es 2+2? al 12345 y gane"
ham,"Tu membresía al gimnasio ha sido renovada exitosamente por 6 meses más"
spam,"¡URGENTE! Su servicio de gas será cortado. Pague: gasnatural-payments.online"
ham,"Tu cita con el nutricionista está confirmada para el jueves a las 10:30 AM"
spam,"¡INVERSIÓN EN ORO! Precios suben 300% este mes. Compre: oroinversion.seguro"
ham,"Tu reserva para el restaurante italiano está confirmada para 4 personas el viernes"
spam,"¡ALERTA MIGRATORIA! Su pasaporte necesita verificación. Actualice: migracion-mexico.verify"
ham,"Tu clase de yoga al aire libre se pospone por lluvia. Nueva fecha: próximo sábado"
spam,"¡TRABAJO PARA ESTUDIANTES! Gane $150 diarios. Horarios flexibles: empleoestudiantil.jobs"
ham,"Tu pedido de supermercado será entregado entre 3 PM y 5 PM de hoy"
spam,"¡GANE UN VIAJE A PARÍS! 2 personas todo incluido. Participe: viajesgratis.travel"
ham,"Tu consulta con el dermatólogo está programada para el próximo mes. Te llamaremos"
spam,"¡OFERTA DE SEGURO! Seguro de auto por $50 mensuales. Cotice: segurosbaratos.insure"
ham,"Tu sesión de masajes relajantes está confirmada para el martes a las 5 PM"
spam,"¡URGENTE! Su dominio web está por expirar. Renueve: dominios-mexico.renew"
ham,"Tu taller de cocina mediterránea comienza el próximo lunes a las 6 PM"
spam,"¡PRÉSTAMO PARA NEGOCIOS! Hasta $500,000. Aprobación inmediata: business-loans.funding"
ham,"Tu cita para la limpieza dental está programada para el 15 de noviembre a las 11 AM"
spam,"¡GANE $1,000 DIARIOS! Invierta en criptomonedas. Retornos garantizados: crypto-invest.pro"
ham,"Tu reserva para el concierto del sábado está confirmada. Entradas electrónicas enviadas"
spam,"¡ALERTA DE SOFTWARE! Su Windows necesita actualización crítica. Descargue: windows-update.security"
ham,"Tu pedido de medicamentos recetados está listo para recoger en la farmacia"
spam,"¡TRABAJO PARA AMAS DE CASA! Gane $100 diarios. Horarios flexibles: trabajohogar.income"
ham,"Tu cita para la vacuna de la influenza está programada para el próximo viernes"
spam,"Aprovecha la promoción del día: gana un cupón de $200 registrándote aquí."
spam,"Tu suscripción gratuita está lista, solo faltan tus datos para activarla."
spam,"¡Eres el afortunado ganador de un televisor inteligente! Reclámalo antes de que expire."
spam,"Activa este código y recibe recompensas ilimitadas en tu cuenta."
spam,"Gana dinero extra siguiendo este simple truco financiero."
spam,"Tu banco ofrece un crédito exclusivo, aplica con un clic."
spam,"Invierte ahora y obtén el doble de retorno sin riesgo."
spam,"Tu dispositivo tiene demasiados archivos basura; limpia todo con esta aplicación."
spam,"Recibe asesoría financiera gratuita solo completando este formulario."
spam,"Haz clic aquí para obtener una tarjeta prepago cargada con $50."
spam,"Tu correo fue seleccionado para recibir acceso premium sin coste."
spam,"Gana puntos canjeables en efectivo descargando esta herramienta."
spam,"Elimina todos los virus de tu móvil con este software avanzado."
spam,"No pierdas tu oportunidad de viajar gratis este verano."
spam,"Tu historial de compras te da derecho a un reembolso, verifica aquí."
spam,"Descubre cómo miles están ganando ingresos pasivos con este programa."
spam,"Mejora tu crédito en solo 24 horas con esta plataforma."
spam,"Revisa la actividad sospechosa en tu cuenta antes de que sea tarde."
spam,"Haz clic aquí para recibir alertas personalizadas de inversión."
spam,"Las ganancias de tu portafolio están listas para retirarse."
spam,"Tu pago quedó pendiente; complétalo para evitar bloqueos."
spam,"Adquiere productos exclusivos con un 80% de descuento."
spam,"Tu acceso al contenido premium fue autorizado, ingresa ahora."
spam,"Consulta si calificas para recibir un subsidio especial."
spam,"Optimiza tu teléfono con esta herramienta aprobada por expertos."
spam,"Tu comprobante digital está listo, descárgalo desde este enlace."
spam,"La transacción fue rechazada; vuelve a intentarlo aquí."
spam,"Recibe beneficios increíbles con este programa secreto de membresías."
spam,"Tu cuenta será deshabilitada hoy; confirma aquí para evitarlo."
spam,"Activa tus recompensas diarias antes de que expiren."
spam,"Este curso exclusivo solo está disponible para usuarios invitados."
spam,"Consigue préstamos urgentes sin requisitos estrictos."
spam,"Haz crecer tus ahorros con nuestra inversión automática."
spam,"Tu seguridad está en riesgo; verifica tu identidad ahora."
spam,"Accede a recetas médicas sin cita con este servicio online."
spam,"Tu orden fue seleccionada para envío gratis, reclama la oferta."
spam,"Descubre el suplemento que está revolucionando el bienestar."
spam,"Tu monedero digital tiene saldo acumulado; transfórmalo aquí."
spam,"Aprovecha esta oferta secreta disponible solo para miembros."
spam,"Descarga gratis el nuevo antivirus premium por tiempo limitado."
spam,"Regístrate para obtener beneficios exclusivos en compras."
spam,"Tu tarjeta virtual caducará pronto; reactívala ahora."
spam,"Gana recompensas solo por revisar tus notificaciones."
spam,"Este método te permitirá duplicar tus ingresos desde casa."
spam,"Tu paquete fue retenido en aduanas; paga la tarifa mínima aquí."
spam,"Completa tu información para activar el modo seguro de tu cuenta."
spam,"Encuentra vuelos ultra baratos usando esta herramienta oculta."
spam,"Tu correo está casi lleno; amplía tu almacenamiento gratis."
spam,"Recibe información privilegiada del mercado financiero al instante."
ham,"Ya confirmé la hora de nuestra reunión para mañana."
ham,"Ayer terminé el informe, te lo envío más tarde."
ham,"¿Quieres que compre algo para la cena?"
ham,"Estoy revisando los pendientes de la semana."
ham,"La clase fue cancelada por falta de luz."
ham,"¿A qué hora quieres que pase por ti el sábado?"
ham,"Dejé los documentos en tu escritorio."
ham,"Hoy salí temprano del trabajo, ¿nos vemos en un rato?"
ham,"Te aviso cuando llegue al edificio."
ham,"El concierto estuvo increíble, deberías ir la próxima vez."
ham,"Puse tu chaqueta en el armario."
ham,"¿Tienes tiempo de revisar este texto?"
ham,"Voy a preparar café, ¿quieres uno?"
ham,"El paquete que esperabas llegó esta mañana."
ham,"El entrenador movió la práctica para las 5 pm."
ham,"Terminé de organizar el archivo, ya está en la carpeta."
ham,"¿Puedes recordarme llamar al médico mañana?"
ham,"La computadora ya está funcionando mejor después de la actualización."
ham,"Hoy quiero salir a caminar, el clima está perfecto."
ham,"Tu botella quedó en mi coche, te la llevo luego."
ham,"Ya hice las reservas para el almuerzo del viernes."
ham,"¿Te gustaría acompañarme al supermercado?"
ham,"La reunión se alargó un poco, llegaré más tarde."
ham,"Terminé el curso online, estuvo bastante bueno."
ham,"El perro está inquieto, creo que quiere salir."
ham,"¿Puedes revisar si la puerta quedó bien cerrada?"
ham,"Estoy preparando la presentación final del proyecto."
ham,"Tu correo llegó con los archivos correctos."
ham,"Estoy leyendo un libro nuevo que creo que te gustaría."
ham,"Hoy me quedaré en casa ordenando un poco."
ham,"La tienda tenía descuentos buenos, compré varias cosas."
ham,"¿Te aviso cuando esté listo para salir?"
ham,"Tu amigo llamó preguntando por ti."
ham,"Necesito comprar tinta para la impresora."
ham,"¿Quieres comer fuera o prefieres pedir algo?"
ham,"Completé el formulario del seguro hace un rato."
ham,"El autobús viene con retraso hoy."
ham,"Los vecinos organizarán una reunión este fin de semana."
ham,"Actualicé la lista de tareas del proyecto."
ham,"¿Quieres que lleve algo para compartir mañana?"
ham,"El restaurante que recomendaste estaba muy bueno."
ham,"Voy a limpiar la cocina, quedó un desastre."
ham,"Ya terminé la edición del video."
ham,"¿Podemos revisar las cifras esta tarde?"
ham,"La película que vimos ayer estuvo divertida."
ham,"Hoy trabajaré desde la cafetería."
ham,"Guardé las herramientas en el gabinete."
ham,"¿Tienes tiempo mañana para una llamada breve?"
ham,"La planta que me regalaste está creciendo bastante."
ham,"Voy a imprimir los documentos en un rato."
ham,"¿Te parece bien si movemos la reunión a la mañana?"
spam,Tu puntaje de crédito es muy bajo. Podemos arreglarlo rápidamente. ¡Llama al 555-400-000!
spam,Última hora: Un famoso acaba de morir y te ha mencionado en su testamento. Haz clic para más detalles.
spam,¡Despierta el genio que llevas dentro! Curso de memorización por solo $9.99.
spam,Hemos detectado un malware crítico. Descargue la herramienta de limpieza para protegerse.
spam,¡No te pierdas el concierto del siglo! Compra entradas al 80% de descuento.
spam,"Venta forzada de joyas de oro incautadas. Precios de remate, liquidación total."
spam,Se requieren donaciones para un orfanato falso en un país lejano. Envía dinero.
spam,¿Necesita un título de doctorado sin estudiar? Ofrecemos diplomas falsificados garantizados.
spam,Un hacker robó tu información. Paga el rescate o la publicaremos.
spam,Gana dinero probando juguetes eróticos. Trabaja desde casa y sé tu propio jefe.
spam,Tu cuenta de correo ha sido comprometida. Introduce tu contraseña antigua y la nueva aquí.
spam,¡El mejor software espía! Monitorea celulares discretamente. Compra ahora.
spam,"ALERTA: Tienes una deuda de $2,500 con una agencia de cobros. Paga de inmediato."
spam,Las farmacias no quieren que sepas sobre esta cura milagrosa para el cáncer.
spam,"Gana una cena romántica para dos, solo tienes que rellenar este formulario."
spam,La NASA descubrió un secreto que cambiará la vida. Revelación exclusiva al hacer clic.
spam,¡Increíble! Hemos encontrado 10 billetes de $100 en tu buzón virtual. Reclámalos.
spam,¡Atención dueños de mascotas! Seguro de vida para animales por solo $1 al mes.
spam,"Hemos cancelado su orden de compra por $$$999. Si no la solicitó, haga clic para revertir."
spam,¡Aprende a programar en 5 minutos! El curso más rápido y efectivo del mundo.
spam,"Vende tu alma y consigue riqueza infinita. Servicio garantizado, discreción total."
spam,Se requiere una actualización de seguridad para su teléfono Android. Descargue el parche.
spam,¡El reloj Rolex que siempre quisiste! Cómpralo por $50 en esta tienda.
spam,Tu perfil de LinkedIn ha sido visto 100 veces. Revisa quién te vio aquí.
spam,Te has suscrito a nuestro servicio de horóscopo premium. El cargo es de $5 diarios.
spam,El clima espacial podría destruir la red eléctrica. Compra generadores de emergencia.
spam,"Te amo. Dime si me amas también. Por favor, responde para que pueda conocerte."
spam,RECLAMA TU REGALO: Tenemos un smartphone gratis para ti. Solo paga el envío de $19.99.
spam,¿No tienes seguro de salud? Tenemos planes que cubren todo por $10.
spam,"Tu número ha sido seleccionado para una donación caritativa de $$$100,000."
spam,ÚLTIMA ADVERTENCIA: El software pirata en tu PC está siendo rastreado.
spam,Deja de pagar altas tarifas de electricidad. Instala nuestro dispositivo de ahorro.
spam,¿Quieres más músculo? El suplemento secreto que usan los culturistas profesionales.
spam,Tenemos tu historial médico y lo enviaremos a tu jefe si no pagas.
spam,"¿Tienes un proyecto? Podemos financiarlo con $500,000. Envíanos tu propuesta."
spam,¡Solo para mayores de 60! Píldoras que te hacen sentir de 20.
spam,Tienes una notificación push no leída en nuestro sitio de juegos de azar.
spam,¡Compra 2 y lleva 3 en toda nuestra ropa de marca falsa!
spam,Tu correo está lleno. Haz clic aquí para aumentar el espacio de almacenamiento.
spam,¡Increíble oferta de vacaciones! 7 noches en Hawái por $299. ¡Reserva ahora!
spam,¿Te sientes solo? Chatea con nuestros bots que simulan ser personas reales.
spam,Tienes una transferencia pendiente de un familiar en el extranjero. Confirma tus datos.
spam,¡No dejes pasar esta oportunidad! Invierte en terrenos lunares y sé pionero.
spam,Su cuenta de Amazon Prime ha sido cancelada. Verifique los detalles de pago.
spam,La tienda de mascotas está regalando cachorros. Solo tienes que llenar la solicitud.
spam,¡Vuelve a crecer tu cabello en 2 días! Fórmulas secretas y garantizadas.
spam,Te enviamos un cheque de $50 por ser un cliente fiel. Clica aquí para imprimirlo.
spam,"¿Problemas con tu esposa? Consigue una amante secreta hoy, discreción garantizada."
spam,Tu número de teléfono ha ganado un sorteo. Llama inmediatamente para recibir el premio.
spam,ADVERTENCIA FINAL DE ELIMINACIÓN: Todos tus archivos se borrarán mañana si no verificas.
ham,El vuelo 6345 se retrasó 45 minutos. La nueva hora de salida es a las 8:30 AM.
ham,¿Me puedes prestar tu taladro el sábado? Te lo devuelvo el domingo sin falta.
ham,"El proyecto del puente de ingeniería requiere una reunión urgente. 10:00 AM, sala B."
ham,Olvidé mi cartera en tu casa anoche. ¿Me la guardas hasta el lunes?
ham,Tienes una nueva solicitud de amistad en la red de la universidad.
ham,El reporte de calidad del agua potable indica que es apta para el consumo.
ham,Mi receta de pastel de chocolate pide 3 huevos grandes. ¿Qué marca usas?
ham,El periodo de inscripción para el gimnasio finaliza el 30 de este mes.
ham,AVISO OFICIAL: Las calles adyacentes a tu casa estarán cerradas por obras.
ham,La cuota mensual de tu membresía se cargará el día 5 de cada mes.
ham,¡El bebé ya nació! Fue una niña y están muy bien. Mándales un mensaje.
ham,El sensor de humo de la cocina necesita un cambio de pilas urgente.
ham,¿Dónde nos encontramos para ver el partido de fútbol? Propongo el bar de siempre.
ham,Acabo de llegar a la ciudad. ¿Tienes alguna recomendación de hoteles baratos?
ham,El formulario de registro de empleado debe ser completado y firmado antes de las 5 PM.
ham,Tienes una cita con el asesor financiero para revisar tu portafolio.
ham,"La olla arrocera se dañó. Por favor, cómprame una nueva si vas a la tienda."
ham,El examen final cubrirá los temas del capítulo 5 al 8. ¡A estudiar!
ham,El recibo de pago de la luz de este mes es de $85.50. Ya está pagado.
ham,"El perro se escapó, lo estoy buscando. Si lo ves, llámame de inmediato."
ham,La conferencia comenzará con el discurso de apertura del CEO.
ham,Te envío la lista de invitados para la boda. Falta confirmar 10 personas.
ham,El coche necesita aceite y revisión de frenos. Ya pedí cita en el taller.
ham,¿Puedes pasar por mí a la estación de tren? Llego a las 7:15 PM.
ham,La reunión se llevará a cabo por Zoom. Aquí está el link: [enlace real].
ham,El plazo para solicitar becas académicas termina el 15 de marzo.
ham,El concierto de piano clásico será en el teatro municipal esta noche.
ham,"Mi nuevo número de teléfono es 555-123-4567. Guárdalo, por favor."
ham,Se ha registrado un nuevo inicio de sesión desde un país diferente. ¿Fuiste tú?
ham,¿Me podrías mandar el archivo Excel con las proyecciones de venta?
ham,¡No encuentro mis llaves! ¿Las viste cuando saliste?
ham,Necesitas actualizar tu navegador para acceder al sitio web del banco.
ham,La oferta de trabajo es para un puesto de tiempo completo y beneficios.
ham,El clima está muy frío hoy. Asegúrate de llevar un abrigo grueso.
ham,El libro que me pediste está en la mesa de la sala.
ham,¡Hemos recibido tu currículum! Te contactaremos pronto para una entrevista.
ham,Tienes un nuevo mensaje en el buzón de voz de tu teléfono fijo.
ham,La cena de hoy es pasta con salsa de tomate. Está lista en 20 minutos.
ham,El supermercado tiene una oferta de 3x2 en todos los productos de limpieza.
ham,¿Podemos mover la reunión de las 11 AM a las 11:30 AM? Tengo un conflicto.
ham,El nuevo sistema de transporte público es muy eficiente. Lo probé hoy.
ham,No olvides regar las plantas del balcón. Hace mucho calor.
ham,La inscripción al maratón se cierra a medianoche. ¿Ya te registraste?
ham,Tu suscripción a la revista de ciencia ha sido renovada por un año más.
ham,La caldera no enciende. Ya llamé al técnico para que venga a revisarla.
ham,El reporte de tráfico indica fuerte congestión en la autopista principal.
ham,¿Me puedes ayudar a mudar un sofá mañana por la mañana?
ham,El pago por la reparación de la lavadora es de $$$120. Adjunto el recibo.
ham,La fiesta sorpresa es el viernes. No le digas nada a Ana.
ham,El horario de atención al cliente ha cambiado. Ahora es de 8 AM a 6 PM.
spam,"¡Notificación URGENTE! Tu CURP aparece en lista de deudas con SAT. Evita embargo en este enlace"
spam,"Tu cuenta BBVA fue usada para comprar $87,300 en París. ¿Fuiste tú? Confirma aquí"
spam,"Hola hermosa, me gustas mucho desde que te vi en Instagram. ¿Quieres ser mi novia?"
spam,"Samsung Galaxy S24 gratis por ser cliente fiel Telcel. Solo 2 unidades restantes"
spam,"Recibe $15,000 pesos hoy mismo sin aval ni comprobantes de ingresos"
spam,"Tu paquete DHL está retenido por falta de pago de $189. Libéralo aquí"
spam,"Spotify Premium gratis de por vida. Solo descarga esta versión modificada"
spam,"Tu número ganó $800,000 pesos en la Lotería Nacional electrónica. Cobra aquí"
spam,"Antojo de amor: chica de 22 años busca hombre maduro con solvencia económica 😉"
spam,"Tu tarjeta Santander fue restringida por movimientos sospechosos en Rusia"
spam,"Curso para ganar $100,000 al mes en OnlyFans aunque no muestres la cara"
spam,"¡Alerta! Tu dispositivo está infectado con 128 virus. Limpia ahora gratis"
spam,"Hola soy el Dr. García del IMSS, necesitamos actualizar tus datos de pensión urgentemente"
spam,"Gana un auto BMW 2025 solo por registrarte en esta página. ¡Últimos 5 lugares!"
spam,"Tu cuenta de Hotmail será cerrada en 24h si no verificas tu correo aquí"
spam,"Crema para agrandar glúteos en 15 días. Usada por Kim Kardashian"
spam,"Recarga $100 y recibe $500 de saldo gratis con AT&T. Oferta solo hoy"
spam,"Tu perfil de TikTok violará las normas en 2h. Haz clic para apelar"
spam,"Inversiones en petróleo te dan 400% de ganancia en 7 días. Mínimo $5,000"
spam,"Hola, vi tu foto y eres exactamente mi tipo. ¿Me mandas una en ropa interior?"
spam,"Tu pedido de Liverpool #784512 fue devuelto. Reclama reembolso de $9,800 aquí"
spam,"Vacantes de trabajo en Google desde casa pagando $600 dólares por día"
spam,"Tu NIP de cajero fue capturado por cámara. Cámbialo aquí de inmediato"
spam,"Gana $200 dólares por cada encuesta completada. Ya pagamos a 87,000 personas"
spam,"Tu vuelo Aeroméxico fue cancelado por tormenta. Reagenda gratis aquí"
spam,"Producto milagroso para la diabetes tipo 2. Adiós a las inyecciones"
spam,"Tu WhatsApp está siendo clonado en este momento. Instala esta protección"
spam,"Tarjeta de regalo Coppel $2,000 totalmente gratis. Solo 8 restantes"
spam,"Hola soy María del banco, necesitamos confirmar tus datos para activar seguridad nueva"
spam,"iPhone 16 Pro Max por solo $999 pesos. Envío exprés a todo México"
spam,"Tu cuenta de Xbox Live fue baneada permanentemente. Recupérala aquí"
spam,"Sistema automático para ganar en apuestas deportivas. 97% de aciertos"
spam,"Fotos tuyas desnudo están siendo compartidas. Paga $300 dólares para borrarlas"
spam,"Hola guapo, estoy sola en el hotel y busco compañía esta noche"
spam,"Tu número fue seleccionado para recibir $500,000 del gobierno federal"
spam,"Antivirus gratis detectó troyanos bancarios en tu celular. Escanea ahora"
spam,"Tu tarjeta Inbursa fue usada en Brasil por $58,000. Bloquéala aquí"
spam,"Gana dinero durmiendo: nueva app paga $2 dólares por hora de sueño"
spam,"Tu cuenta de Gmail será eliminada por inactividad. Verifica aquí"
spam,"Oferta exclusiva: bótox casero por $299 con resultados inmediatos"
spam,"Tu paquete de Amazon está en almacén CDMX. Paga $99 de manejo para entrega"
spam,"Hola soy el ingeniero de Totalplay, tu modem tiene falla crítica"
spam,"Duplica tu inversión en cripto en solo 72 horas. Ya pagamos a 12,000 mexicanos"
spam,"Tu perfil fue denunciado por 47 usuarios. Confirma tu identidad aquí"
spam,"Boeing ofrece empleos remotos pagando $800 USD diarios. Postúlate ya"
spam,"Producto para crecer 10 cm de estatura aunque tengas 40 años"
spam,"Tu cuenta de Elektra fue bloqueada por intento de fraude"
spam,"¡Felicidades! Ganaste una casa en Chipinque valorada en $8 millones"
spam,"Hola, tengo un negocio que te hará millonario en 3 meses. ¿Hablamos?"
spam,"Tu celular será bloqueado por IMEI duplicado. Desbloquéalo aquí por $250"
ham,"Ya estoy formando la fila para los tacos, ¿de qué los quieres?"
ham,"Te mandé el resumen del libro por correo, dime si te sirve así"
ham,"¿Puedes pasar por los niños a la escuela hoy? Tengo junta hasta tarde"
ham,"Acabo de aterrizar, todo bien el vuelo, en 40 min estoy en casa"
ham,"¿Vas a venir a la carne asada del sábado? Confirma para comprar carne"
ham,"Te dejé el dinero de la renta encima de la mesa, son $8,500"
ham,"El pediatra movió la cita al jueves a las 4 pm"
ham,"¿Trajiste las llaves del candado de la bici? Se me olvidaron"
ham,"Ya quedó la presentación, solo falta que le pongas las imágenes"
ham,"¿A qué hora sales mañana? Quiero ir a correr contigo temprano"
ham,"Te comparto la ubicación del estacionamiento donde quedamos"
ham,"El profe subió el examen sorpresa a la plataforma, ¡qué mala onda!"
ham,"Gracias por cuidar a las plantas mientras estuve de viaje"
ham,"¿Me mandas la foto de tu outfit para ver si combino con algo?"
ham,"Ya compré los boletos del camión, salimos a las 6:30 am"
ham,"Avísame cuando pases por la tortillería, te encargo un kilo"
ham,"El internet está fallando otra vez, ya reinicié el modem dos veces"
ham,"¿Te late pedir pizza o mejor hacemos hotcakes para la cena?"
ham,"Te paso el contacto del electricista, vino hoy y quedó perfecto"
ham,"Mañana cierra el pago de la universidad, no se te vaya a pasar"
ham,"Ya guardé tu parte del pastel en el refri, está delicioso"
ham,"¿Vas al súper? Tráeme shampoo que ya no tengo"
ham,"Acabo de sacar al perro, está lloviendo poquito nomás"
ham,"Te mando captura del menú del restaurante para que elijas"
ham,"¿Puedes imprimir estas hojas? Mi impresora se quedó sin tinta"
ham,"El tráfico en periférico está detenido, mejor me voy por otra ruta"
ham,"Ya terminé de editar el video, te lo paso por Drive en 10 min"
ham,"¿Me ayudas a cargar la lavadora al coche? Está muy pesada"
ham,"Te dejé sopa en la estufa, solo caliéntala cuando llegues"
ham,"¿A qué hora pasa el camión mañana para ir a la central?"
ham,"Gracias por pasarme las notas de la clase que me perdí"
ham,"Ya quedó lista la reservación en el restaurante para las 9"
ham,"¿Traes bloqueador? Vamos a estar todo el día en la alberca"
ham,"El bebé ya dijo su primera palabra: ¡mamá! (aunque soy yo el papá jajaja)"
ham,"Te envío la lista de útiles que pidió la maestra para septiembre"
ham,"¿Nos vemos en la cancha a las 6:30 para el partido?"
ham,"Ya pagué la cuenta de luz por app, aquí te paso el recibo"
ham,"¿Me prestas tu chamarra negra? Tengo una cena formal"
ham,"El veterinario dijo que solo es alergia, ya le dio su medicina"
ham,"Te comparto la canción que me pediste, está en Spotify"
ham,"¿Puedes recoger mi paquete en la paquetería? Te dejo la guía"
ham,"Ya lavé tu ropa, está colgada en el tendedero de atrás"
ham,"¿Qué opinas si vemos la serie nueva de Netflix esta noche?"
ham,"Avísame cuando salgas del trabajo para ponerme a cocer el arroz"
ham,"El profe adelantó la entrega del proyecto para el miércoles"
ham,"Te mandé $300 por SPEI, dime cuando te llegue por favor"
ham,"¿Traes tu identificación? Nos la piden para entrar al antro"
ham,"Ya compré las flores para tu mamá, son las que le gustan"
ham,"Estoy en la caja del Costco, ¿algo más que necesitemos?"
ham,"Te paso la dirección de la fiesta, llega después de las 10"
spam,"¡FELICIDADES! Ganaste un iPhone 16 Pro. Reclama ahora: premiosgratis24.com/iphone"
ham,"¿Podemos cambiar nuestra reunión de mañana a las 11am en lugar de las 10?"
spam,"URGENTE: Tu cuenta de Netflix ha sido hackeada. Verifica aquí: netflix-security.xyz"
ham,"Tu pedido de sushi está en camino. Llegará en 25-35 minutos"
spam,"¡GANE $5000 MENSUALES! Trabaje desde casa 2 horas diarias. Inscríbase: ingresosextra.net"
ham,"Recordatorio: Tu cita con el dentista es el próximo martes a las 3:30 pm"
spam,"ALERTA BANCARIA: Actividad sospechosa detectada en tu tarjeta. Bloquea: bancoalert.security"
ham,"¿Te gustaría ir al cine este viernes? Estrenan esa película que querías ver"
spam,"¡OFERTA EXPLOSIVA! Samsung Galaxy S25 por $199. Solo hoy: techmania.shop/samsung"
ham,"Tu vuelo IB2845 Madrid-Barcelona está confirmado. Facturación online disponible"
spam,"¡PERDER PESO YA! 15kg en 2 semanas sin ejercicio. Descubre cómo: dietasecreta.pro"
ham,"Mamá, ¿me puedes ayudar con el proyecto de la escuela? Es para mañana"
spam,"¡PRÉSTAMOS INMEDIATOS! Hasta $100,000 sin aval. Aprobación en 5min: creditoya.mx"
ham,"Tu análisis de sangre muestra que todo está normal. Puedes recoger resultados"
spam,"¡GANADOR OFICIAL! Tu número 7294 ganó $75,000. Reclama: loterianacional.premios"
ham,"La junta de vecinos será el domingo a las 11am en el salón comunal"
spam,"¡TRABAJO INTERNACIONAL! Gane en euros desde México. Registro: empleoeuropa.work"
ham,"Tu reserva en el hotel Hilton está confirmada del 20-25 de noviembre"
spam,"¡ALERTA FISCAL! Tienes multas pendientes de pago. Regulariza: sat-gob.payments"
ham,"Tu clase de natación ha sido reprogramada para el jueves a las 5pm"
spam,"¡INVERSIÓN SEGURA! Triple tu dinero en 30 días. Mínimo $2,000: inversion3x.invest"
ham,"Tu pedido de Amazon llegará mañana entre 9am y 1pm"
spam,"¡OFERTA RELÁMPAGO! Laptop Gaming RTX 4090 por $299. Últimas unidades: gamerzone.tech"
ham,"¿Podrías recoger a los niños del colegio hoy? Tengo una reunión tarde"
spam,"¡URGENTE! Tu servicio de internet será suspendido. Paga: telmex-pagos.urgent"
ham,"Tu sesión de terapia está confirmada para el miércoles a las 4pm por Zoom"
spam,"¡GANE UN CARRO! Participa en el sorteo de un Mercedes-Benz. Envía CARRO al 5555"
ham,"Tu medicamento para la alergia está listo para recoger en la farmacia"
spam,"¡TRABAJO PARA ESTUDIANTES! Gane $800 semanales. Horarios flexibles: estudiatrabajo.jobs"
ham,"Tu cita con el oftalmólogo está programada para el viernes a las 10:15am"
spam,"¡ALERTA MÉDICA! Tu seguro de gastos médicos expira mañana. Renueva: segurosmedicos.health"
ham,"Tu reserva para el restaurante japonés está confirmada para 6 personas el sábado"
spam,"¡CRIPTO OPORTUNIDAD! Bitcoin llegará a $1 millón. Invierte ahora: cryptofuture.money"
ham,"Tu taller de pintura al óleo comienza el próximo lunes a las 6pm"
spam,"¡OFERTA EXCLUSIVA! Seguro de auto por $300 anuales. Cotiza: segurosbaratos.auto"
ham,"Tu pedido de pizza ha sido confirmado. Tiempo de entrega: 30-45 minutos"
spam,"¡GANE $200 DIARIOS! Complete encuestas desde su celular. Registro: encuestaspago.surveys"
ham,"Tu examen de manejo práctico está programado para el próximo martes a las 2pm"
spam,"¡URGENTE! Tu dominio web está por expirar. Renueva: dominiosmx.renew"
ham,"Tu sesión de masaje terapéutico está confirmada para el jueves a las 11am"
spam,"¡PRÉSTAMO PARA NEGOCIO! Hasta $500,000. Sin buro crediticio: prestamonegocio.funding"
ham,"Tu cita para la limpieza dental está programada para el 20 de octubre a las 9am"
spam,"¡INVERSIÓN EN PLATA! Precios subirán 400% este mes. Compre: plata.inversion"
ham,"Tu reserva para el spa está confirmada para el sábado a las 2pm. Llega 15 min antes"
spam,"¡TRABAJO DESDE CASA! Empaque productos y gane $250 diarios. Info: trabajohogar.empack"
ham,"Tu donación al banco de alimentos ha sido procesada exitosamente"
spam,"¡ALERTA DE SEGURIDAD! Tu Instagram fue accedido desde Rusia. Verifica: ig-security.login"
ham,"Tu clase de cocina italiana está confirmada para el miércoles a las 6pm"
spam,"¡GANE UN VIAJE A TOKYO! 2 personas todo incluido. Participa: viajesasiaticos.win"
ham,"Tu consulta con el cardiólogo está programada para el próximo mes"
spam,"¡OFERTA ÚNICA! Refrigerador Samsung smart por $399. Solo 2 disponibles: electrohome.shop"
ham,"Tu pedido de supermercado será entregado hoy entre 4pm y 6pm"
spam,"¡URGENTE! Tu licencia de conducir será revocada. Actualiza: licencias.gob.update"
ham,"Tu sesión de entrenamiento personal está confirmada para el viernes a las 7am"
spam,"¡INVERSIÓN EN DIAMANTES! Retornos del 600% en 3 meses. Info: diamondinvestment.biz"
ham,"Tu reserva para el campo de golf está confirmada para el domingo a las 8am"
spam,"¡TRABAJO PARA AMAS DE CASA! Gane $150 diarios. Flexibilidad total: mamastrabajan.work"
ham,"Tu cita para la vacuna COVID está programada para el jueves a las 3pm"
spam,"¡ALERTA DE SOFTWARE! Tu Windows tiene virus críticos. Descarga: windowsfix.antivirus"
ham,"Tu pedido de ropa ha sido enviado. Número de seguimiento: SHIP284756"
spam,"¡GANE $3000 SEMANALES! Sea misterioso comprador. Registro: mysterybuyer.jobs"
ham,"Tu sesión de fisioterapia está programada para el martes a las 10:30am"
spam,"¡PRÉSTAMO EXPRESS! $15,000 en 10 minutos. Solo mayores de 21 años: prestamorapido.cash"
ham,"Tu taller de escritura creativa comienza el próximo sábado a las 10am"
spam,"¡OFERTA DE TRABAJO! Modelos webcam ganan $300 por hora. Inscripción: webmodel.work"
ham,"Tu reserva para el concierto de rock está confirmada. Entradas enviadas por email"
spam,"¡URGENTE! Tu servicio de luz será cortado en 2 horas. Paga: cfe-pagos.emergency"
ham,"Tu cita con el psicólogo está confirmada para el lunes a las 5pm"
spam,"¡INVERSIÓN EN PETRÓLEO! Gane 1000% en 6 meses. Mínimo $5,000: oilinvestment.pro"
ham,"Tu pedido de flores para aniversario será entregado hoy antes de las 5pm"
spam,"¡GANE UN YATE! Sorteo exclusivo para clientes. Participe: yatesdelujo.contest"
ham,"Tu clase de baile salsa está confirmada para el jueves a las 7pm"
spam,"¡ALERTA MIGRATORIA! Tu pasaporte necesita verificación urgente. Actualiza: pasaportes.verify"
ham,"Tu sesión de meditación guiada está programada para el miércoles a las 8am"
spam,"¡TRABAJO EN EUROPA! Gane €5,000 mensuales. Vivienda incluida. Aplica: trabajoeuropa.jobs"
ham,"Tu reserva para el bed and breakfast está confirmada para el fin de semana"
spam,"¡OFERTA INCREÍBLE! TV 75\" 8K por $599. Última oportunidad: tvofertas.shop"
ham,"Tu pedido de medicamentos homeopáticos está listo para recoger"
spam,"¡URGENTE! Tu cuenta de PayPal ha sido limitada. Verifica: paypal-verify.account"
ham,"Tu cita con el veterinario para Luna está programada para el viernes a las 3pm"
spam,"¡INVERSIÓN EN BIOTECNOLOGÍA! Oportunidad única. Retornos 800%: biotech.invest"
ham,"Tu taller de jardinería orgánica comienza el próximo sábado a las 9am"
spam,"¡GANE $400 DIARIOS! Invierta en forex. Retornos garantizados: forexprofits.trading"
ham,"Tu reserva para el restaurante de mariscos está confirmada para el viernes"
spam,"¡ALERTA DE HACKEO! Tu email fue comprometido. Cambia contraseña: email-security.protect"
ham,"Tu sesión de acupuntura está confirmada para el martes a las 11am"
spam,"¡PRÉSTAMO PARA VACACIONES! Hasta $50,000. Sin intereses primeros 3 meses: prestamovacaciones.loan"
ham,"Tu pedido de libros universitarios ha sido enviado. Llegará en 2-3 días"
spam,"¡TRABAJO EN CANADÁ! Salario $7,000 mensuales. Alojamiento incluido. Aplica: canadajobs.work"
ham,"Tu cita con el dermatólogo está programada para el próximo jueves a las 4pm"
spam,"¡OFERTA ESPECIAL! Consola Xbox Series X + 15 juegos por $249. Solo hoy: gamingdeals.store"
ham,"Tu reserva para el tour de vinos está confirmada para el sábado a las 11am"
spam,"¡URGENTE! Tu servicio de agua será suspendido. Paga: agua-pagos.municipal"
ham,"Tu sesión de yoga prenatal está programada para el miércoles a las 6pm"
spam,"¡INVERSIÓN EN ARTE! Obras maestras con retornos 700%. Info: arteinversion.gallery"
ham,"Tu pedido de comida vegetariana será entregado en 20-30 minutos"
spam,"¡GANE UN DEPARTAMENTO! Sorteo de luxury apartment. Participa: departamentogratis.win"
ham,"Tu clase de inglés avanzado comienza el próximo lunes a las 7pm"
spam,"¡ALERTA LEGAL! Tienes una demanda pendiente. Contacta abogado: 555-8473"
ham,"Tu reserva para el retiro espiritual está confirmada para el próximo mes"
spam,"¡TRABAJO EN CRUCEROS! Gane $4,000 mensuales + propinas. Inscripción: crucerotrabajo.hire"
ham,"Tu cita con el nutriólogo está programada para el viernes a las 12pm"
spam,"¡OFERTA DE TEMPORADA! Aire acondicionado inverter por $199. Solo 10 unidades: climaoffer.shop"
ham,"Tu pedido de material de oficina ha sido procesado y enviado"
spam,"¡URGENTE! Tu certificado digital expira mañana. Renueva: certificados.digital.renew"
ham,"Tu sesión de rehabilitación física está confirmada para el jueves a las 9am"
spam,"¡PRÉSTAMO UNIVERSITARIO! Hasta $200,000 sin intereses. Aplica: prestamoestudiantil.edu"
ham,"Tu reserva para el bed and breakfast está confirmada para el fin de semana romántico"
spam,"¡INVERSIÓN EN ENERGÍA SOLAR! Retornos 500% en 1 año. Oportunidad: solarinvestment.energy"
ham,"Tu pedido de productos de limpieza será entregado hoy entre 2pm y 4pm"
spam,"¡GANE $1000 DIARIOS! Trading automático de criptomonedas. Registro: autotrading.crypto"
ham,"Tu clase de defensa personal está confirmada para el sábado a las 10am"
spam,"¡ALERTA DE HIGIENE! Tu agua potable está contaminada. Filtro gratis: agualimpia.filter"
ham,"Tu cita con el podólogo está programada para el próximo martes a las 2:30pm"
spam,"¡TRABAJO EN AUSTRALIA! Salario $8,000 mensuales. Visa incluida. Aplica: australiajobs.work"
ham,"Tu reserva para el picnic en el parque está confirmada para el domingo"
spam,"¡OFERTA EXTREMA! Smartwatch Apple Ultra por $99. Últimas 3 unidades: watchdeals.shop"
ham,"Tu pedido de material de arte ha sido enviado. Llegará en 3-5 días hábiles"
spam,"¡URGENTE! Tu permiso de conducir internacional expira. Renueva: licenciainternacional.drive"
ham,"Tu sesión de coaching empresarial está confirmada para el lunes a las 3pm"
spam,"¡INVERSIÓN EN TECNOLOGÍA! Startups con retornos 900%. Info: techstartups.invest"
ham,"Tu reserva para el festival de música está confirmada. Boleto electrónico enviado"
spam,"¡GANE UN CRUCERO! 7 días por el Caribe todo incluido. Participa: caribecruise.vacation"
ham,"Tu clase de cerámica comienza el próximo miércoles a las 5pm"
spam,"¡ALERTA FINANCIERA! Tu historial crediticio necesita actualización. Verifica: burocredit.update"
ham,"Tu cita con el terapeuta ocupacional está programada para el viernes a las 11am"
spam,"¡TRABAJO EN DUBAI! Salario $10,000 mensuales. Vivienda y transporte incluidos: dubaijobs.careers"
ham,"Tu pedido de productos orgánicos será entregado hoy entre 1pm y 3pm"
spam,"¡OFERTA REVOLUCIONARIA! Dron DJI Mavic 3 por $149. Solo hoy: drondeals.tech"
ham,"Tu reserva para el taller de panadería está confirmada para el sábado a las 9am"
spam,"¡URGENTE! Tu certificado de nacimiento necesita verificación. Actualiza: actas.civil.verify"
ham,"Tu sesión de aromaterapia está programada para el jueves a las 4:30pm"
spam,"¡PRÉSTAMO PARA AUTOMÓVIL! Hasta $300,000 sin enganche. Aprobación inmediata: autoprestamo.car"
ham,"Tu pedido de material de construcción ha sido procesado y enviado"
spam,"¡INVERSIÓN EN REAL STATE! Desarrollos de lujo con retornos 400%. Info: luxuryrealestate.invest"
ham,"Tu clase de primeros auxilios está confirmada para el próximo sábado a las 8am"
spam,"Oye... eh, parece que tu cuenta tiene un pago pendiente. Haz clic aquí para evitar problemas."
spam,"¡WOW! Te ganaste un cupón de $300 🎁. Pero corre, expira en minutos: activa aquí 👉."
spam,"No vas a creerlo, pero tu número salió premiado. Solo confirma tus datos, es rapidísimo."
spam,"Últimos lugares para ganar dinero viendo videos. Participa YA antes de que cierren inscripciones."
spam,"Tu banco reportó un acceso raro. Uh… mejor entra aquí y revisa la actividad."
spam,"¿Quieres duplicar tu sueldo este mes? Te cuento cómo si accedes al siguiente enlace."
spam,"Uff… tu teléfono está súper lento. Descarga esta app para limpiarlo al instante."
spam,"Tienes un reembolso esperando. No tardes: recupera tu dinero aquí."
spam,"Promo flash: 75% de descuento en productos premium. Solo HOY."
spam,"Hola, cliente! Ups… detectamos un error en tu último pago. Corrígelo aquí."
spam,"Aumenta tu popularidad en redes con seguidores reales* (sí, reales). Entra ahora."
spam,"Hey! Tu suscripción casi expira (otra vez). Renueva aquí sin cargos extras."
spam,"Ay… tu tarjeta fue bloqueada por seguridad. Rehabilítala en este enlace seguro."
spam,"Mira, no te quiero asustar, pero encontramos malware en tu dispositivo. Instala este parche."
spam,"¡Sorpresa! Has sido elegido para un viaje todo pagado. Reclámalo completando este formulario."
spam,"Gana dinero desde casa sin invertir NADA, solo con esta app ✨."
spam,"Tu paquete no pudo ser entregado. Paga la tarifa mínima aquí."
spam,"Hey, ¿crees en la suerte? Porque acabas de ganar una tarjeta de regalo."
spam,"Tu wallet digital está casi llena. Actualízala GRATIS aquí."
spam,"Wow, tus fotos podrían perderse por falta de espacio. Haz copia aquí."
spam,"Tu comprobante digital está listo… solo falta que lo descargues desde este link."
spam,"Accede a este grupo privado: comparten tips de inversión que generan $$$ diarios."
spam,"Revisa urgentemente tu estado fiscal, tu NIF aparece con inconsistencias."
spam,"La promo que pediste… ya está activa 👀. Desbloquéala aquí."
spam,"Tu antivirus expiró hace 3 días. Cubre tu equipo con este plan barato."
spam,"Nos llegó una solicitud a tu nombre, ¿fuiste tú? Compruébalo aquí antes de que sea tarde."
spam,"Gana puntos canjeables solo hablando con un bot . Pruébalo aquí."
spam,"Tus archivos parecen dañados, uf. Pero aún puedes recuperarlos desde este enlace."
spam,"OMG tienes saldo sin usar. Dale clic aquí y cámbialo por dinero real."
spam,"Nueva alerta: tu perfil podría ser suspendido. Revisa detalles aquí."
spam,"¿Quieres acceso VIP GRATIS durante 1 año? Solo registra tu correo."
spam,"Tu opinión vale . Responde esta encuesta y llévate un regalo digital."
spam,"Atención: estamos actualizando tu cuenta, verifica tus datos para no perder acceso."
spam,"Ahorra hasta 80% en vuelos ocultos. Solo para usuarios seleccionados."
spam,"Tienes una transferencia retenida: completa los datos para liberarla."
spam,"Descubre el suplemento que usan las estrellas para bajar de peso rápido."
spam,"Ups… tu dirección falló en el envío. Corrige aquí antes de reintentar."
spam,"Tu premio está casi listo . Solo falta una validación rápida."
spam,"Conviértete en tester de productos y recibe pagos semanales."
spam,"Accede a la nueva herramienta que automatiza tus ganancias 💸."
spam,"No ignores esto: tu correo fue registrado en una compra desconocida."
spam,"Tu saldo promocional expirará hoy. Actívalo en 2 clics."
spam,"Regístrate para recibir cupones ilimitados, sin costos ocultos."
spam,"¡Increíble! Tu foto fue seleccionada para un concurso. Acepta aquí."
spam,"Perdón, hubo un fallo en tu última transacción. Corrígela acá."
spam,"Gana ingresos pasivos… mientras duermes 😴. Solo únete aquí."
spam,"Tu membresía premium está esperando activación. Es ahora o nunca."
spam,"Haz clic aquí para ver quién visitó tu perfil recientemente."
spam,"Participa por un reloj inteligente respondiendo este mensaje."
spam,"Tus puntos acumulados están a punto de desaparecer. Recupéralos aquí."
ham,"Oye… ¿estás despiert@? Necesito contarte algo rápido jaja."
ham,"Creo que dejé mis llaves en tu carro… ¿puedes revisar pls?"
ham,"Ahh, perdón, te escribí anoche pero me dormí 😅."
ham,"Oye, ¿qué tal si vamos por café hoy? Tengo ganas de platicar."
ham,"Te mando el archivo… bueno, damé un segundo que está cargando."
ham,"Bro, llego en 10. El tráfico está feo 😓."
ham,"No sé, me siento un poco raro hoy. Luego te cuento."
ham,"Jajaja viste el video que te mandé ayer? Está buenísimo."
ham,"¿Te parece si movemos la reunión a las 4? Me atrasé con algo."
ham,"Oye, te quedó muy bien el diseño 👌. Felicidades."
ham,"Mmm no estoy seguro, pero creo que sí puedo mañana."
ham,"Perdonaaa, olvidé responderte 😭. ¿Sigues disponible?"
ham,"Voy comprando la comida. ¿Quieres algo específico?"
ham,"Llegué antes de lo esperado, estoy afuera."
ham,"Mi gato tiró mi vaso otra vez… ya ni sé qué hacer jaja."
ham,"Uff, hoy ando TODA la mañana en juntas. Te aviso cuando salga."
ham,"Te paso la foto que querías, espera que la busco."
ham,"No inventes, qué calor hace hoy 😩."
ham,"Creo que sí entendí lo que dijiste, pero déjame revisarlo bien."
ham,"Mi celular está fallando horrible, sorry si no respondo rápido."
ham,"Ayer vimos una película buenísima, te la recomiendo mil."
ham,"Llegué sano y salvo, gracias por preguntar ❤️."
ham,"¿Puedes checar si dejé mi audífono en tu sala?"
ham,"Hoy voy a cocinar pasta, te invito si quieres."
ham,"Paso por ti tipo 6:20, ¿va?"
ham,"Mi mamá pregunta que si quieres ir el domingo jaja."
ham,"Te juro que pensé que hoy era miércoles 😐."
ham,"Ya imprimí tus documentos. Te los llevo luego."
ham,"¿Estás libre para una llamada rápida?"
ham,"Creo que el paquete llegó, pero no lo he abierto."
ham,"Hoy me desperté súper cansado… necesito vacaciones."
ham,"Voy a recoger mis cosas y salgo para allá."
ham,"Te dejé un café en la mesa, por si quieres."
ham,"Aghhh olvidé mi paraguas, ojalá no llueva."
ham,"¿Quién era la persona que preguntó por mí ayer?"
ham,"Ya voy al súper. ¿Te compro fruta o algo?"
ham,"Estoy viendo la serie que recomendaste, está buena."
ham,"Grrr la app se trabó, pero ya la reinicié."
ham,"Creo que mañana sí puedo pasar a verte."
ham,"¡Me ascendieron! Te cuento luego con calma."
ham,"Perdón por la tardanza, estaba en el médico."
ham,"Oye, puse una pizza en el horno. Hay para ti si vienes."
ham,"El perro del vecino no deja de ladrar 😑."
ham,"Déjame terminar esto y te aviso."
ham,"Compré un shampoo que huele increíble jaja."
ham,"¿Sabes si mañana hay clase? Creo que la cambiaron."
ham,"Hoy fui por fin al parque, estuvo súper tranquilo."
ham,"Estoy intentando ordenar mi cuarto… misión imposible."
ham,"Te mando la ubicación porque me perdí un poco."
ham,"Gracias por escucharme ayer. Me ayudó un montón."
ham,"Oye, ¿te late salir a caminar al rato?"
spam,"Oye, no sé cómo paso, pero has ganado la lotería PowerBall de California. ¡Qué suerte! Llama AHORA!"
spam,"Hola! Soy un chico super guapo de tu ciudad, y me encantas. ¿Me das tu whatsApp? Mi perfil es VIP y gratis hoy."
spam,¡¡ULTIMO AVISO!! Tu cuenta de Apple/iCloud está suspendida. Haz click aquí para evitar perder todas tus fotos y datos personale$.
spam,"Vende tu oro viejo que ya no usas! Tasa de cambio INCREIBLE. Te lo compramos por un 20% más que la competencia, ¡garantizado!"
spam,¿Cansado de la depre? Hay una planta milagrosa que cura todo. Tómala 1 vez al día. Te doy el link para que la pidas.
spam,"Hey, amigo! Tienes un mensaje del jefe. Necesita que le compres tarjetas de regalo urgente para un cliente. ¿Puedes ir ahora?"
spam,¡Necesito AYUDA! Soy un príncipe de África y tengo 5M de euros atrapados. Te daré el 30% si me ayudas a sacarlos. Por favor.
spam,¿Te sientes solo el viernes por la noche? Únete a nuestro grupo de chat anónimo. Cientos de personas esperan hablar contigo AHORA.
spam,"Tu hijo/nieto está en peligro y necesita dinero para salir de la cárcel. No llames a nadie, solo a este número de prepago."
spam,"Mira, no quiero sonar grosero, pero si no actualizas tu software Windows en las próximas 48 horas, tu PC explotará."
spam,"URGENTE. Tienes un pago pendiente de la Agencia Tributaria. Si no pagas la multa de $$$150 HOY, te embargan la cuenta."
spam,Tu teléfono tiene 5 virus muy malos. Instala este antivirus gratis antes de que roben tu contraseña de banco.
spam,"Hola, guapo. Mira mi nuevo video privado. Es solo para ti. Haz clic rápido antes de que lo borre, ¿sí?"
spam,Oportunidad de oro: Invertir en cannabis medicinal en México. Gana 10 veces tu inversión. ¡Es legal y muy rentable!
spam,¡REGALO SORPRESA! Un desconocido te ha enviado una caja misteriosa. Paga $$$4.99 de envío y es tuya. Apúrate.
spam,Te escribo desde el Departamento de Seguridad Social. Necesitas verificar tu número de identificación AHORA o pierdes tu pensión.
spam,"Ya tenemos la cura para la caída del cabello. Es mejor que el Minoxidil, y solo cuesta $$$29.99 el frasco. ¡Resultados en 7 días!"
spam,¿Quieres dejar tu trabajo? Aprende a hacer dropshipping en 3 días. El curso más exitoso de internet. ¡Inscríbete!
spam,AVISO DE COBRANZA: La deuda de tu vecino ha sido transferida a tu nombre. Responde con tu tarjeta de crédito para saldarla.
spam,"¡Hemos hackeado un casino! Te damos el código para que ganes $10,000 en la ruleta. Date prisa, solo dura 5 minutos."
spam,"Te envié un mensaje de WhatsApp, ¿por qué no me contestas? Tengo algo importante sobre tu herencia."
spam,¡Ya no tienes que ir al dentista! Blanquea tus dientes 10 tonos más en casa con nuestro kit premium.
spam,Eres el ganador de una cámara GoPro nueva. Tienes que ir a este sitio web para confirmar tu identidad.
spam,"Perdón la molestia. Necesito que me ayudes con mi tesis, es sobre tu trabajo. ¿Me regalas tus datos para la encuesta?"
spam,¡Tu hipoteca es demasiado alta! Podemos reducirla a la mitad con cero gastos de gestión. Llama ya antes de que se acabe la oferta.
spam,RECLAMA EL EFECTIVO: Tienes saldo de un vuelo cancelado de hace 5 años. Haz clic aquí para que te lo depositemos.
spam,El futuro de las inversiones está en los NFT de gatitos. ¡Compra ahora antes de que se agoten y seas pobre!
spam,"Mira, un amigo me dijo que tu número es el de la chica que conocí en la fiesta. ¿Eres tú, Lorena?"
spam,"AVISO LEGAL: Su suscripción al sitio XXX ha expirado. Si no la renueva, la información de sus tarjetas se hará pública."
spam,Obtén 100 likes en tu foto de Instagram por solo $$$1. Es la forma más fácil de ser famoso sin esfuerzo.
spam,¿Quién te ha buscado en Google? Te damos el informe completo de las personas que han stalkerado tu perfil.
spam,La mejor dieta para adelgazar es esta: un solo batido al día. ¡Baja 5 kg en una semana! Cómpralo y pruébalo.
spam,"Mi amor, te extraño mucho. Necesito verte. Mi jefe está de viaje. ¿Vienes? (Error: este no era para ti)."
spam,Tu iPhone está viejo y tiene fallas de seguridad. Te ofrecemos un cambio gratis por el modelo más nuevo.
spam,Hemos encontrado un error grave en tu declaración de impuestos. Haz clic para ver la corrección y pagar la multa.
spam,Te hemos espiado y sabemos que no pagas tus cuentas. Paga $$3000 en 24 horas o le contamos a todo el mundo.
spam,"Solo por hoy, ¡envío gratis en todas las compras de más de $$$10! Usa el código GRATIS. No te lo pierdas."
spam,¡CERRADO POR VACACIONES! Pero puedes comprar online y recoger en 3 meses. ¡Los mejores descuentos te esperan!
spam,"Hola, soy un agente de soporte de tu proveedor de internet. Necesito acceso remoto a tu PC para arreglar la lentitud."
spam,"¡Felicitaciones! Has ganado un NFT de un burro volador. Se venderá por $$100,000 la próxima semana."
spam,"Mira, te conseguí el mejor precio para el seguro de vida. Solo $$$15 al mes, cobertura de 1 millón. ¡Contrata ya!"
spam,"¿Aburrido de tu vida? Vete a vivir a Croacia. Te pagamos $$50,000 para que te mudes. ¡Firma aquí!"
spam,Tu cuenta de email está llena de mensajes viejos. Compra nuestro almacenamiento ilimitado para que no borres nada.
spam,AVISO DEL JEFE: El plan de pensiones ha cambiado. Deposita $$500 en esta cuenta para asegurar tu futuro.
spam,"Tienes un crédito pre-aprobado de $$10,000 sin revisar tu historial. Pide el dinero hoy, sin burocracia."
spam,¡No te preocupes por el sobrepeso! La píldora que detiene la digestión. Pídela antes de que la prohíban.
spam,Se vende terreno a mitad de precio en la playa. Liquido por divorcio. Mándame un mensaje privado para el precio.
spam,ALERTA MUNDIAL: El agua de la llave está contaminada. Compra nuestro filtro certificados ahora.
spam,"Mira, no soy un robot, pero necesito que hagas clic aquí para demostrar que tú tampoco lo eres. ¡Es muy importante!"
spam,"Hemos subido tu recibo de luz en $$500. Si es un error, llama a este número 24 horas al día."
ham,"Uff, la reunión fue interminable. ¿Nos vemos para una cerveza a las 7:30 PM en el de siempre?"
ham,"El código de la puerta es 4591. Entra por el patio, el timbre no anda. Avísame si llegas."
ham,Te adjunto las fotos de la fiesta del sábado. Saliste muy bien en casi todas. ¡Qué risa!
ham,"Oye, ¿cuándo es la fecha tope para entregar el memo? Creo que es el viernes, pero no estoy segura."
ham,Mi mamá me dijo que la llamaste. Creo que quería preguntarte algo de la receta de tamales.
ham,"El paquete llegó por fin! La caja está un poco golpeada, pero el contenido parece bien. Gracias."
ham,"Hey, ¿me pasas los apuntes de la clase de Marx? Los míos están ilegibles, no sé por qué."
ham,"Estoy en la fila del super. ¿Falta algo más? Dime rápido, ya casi me toca pagar."
ham,"Ay no, se me olvidó que hoy tenía el dentista. Lo pospuse para el lunes a la misma hora."
ham,Jajajaja! Qué buena la foto que subiste a Instagram. ¿De dónde sacaste ese filtro?
ham,"Mira, si no puedes venir a la cena, no pasa nada. Pero avísame antes de las 4 PM para quitar tu silla."
ham,¿Te acuerdas de la chica de la cafetería? Me la encontré en el cine ayer y me saludó!
ham,La factura del internet está mal. Le cobraron el mes pasado otra vez. Voy a llamar a soporte.
ham,Hola! Soy Ana de la empresa. Queremos ver si puedes tener la entrevista mañana a las 11 AM.
ham,Urgente: La cafetera se rompió. Trae la tuya. La mía no sirve ni para calentar agua.
ham,"El libro que me prestaste está terminado. Te lo devuelvo el martes, ¿vale? Me gustó mucho."
ham,"Se ha activado la verificación de dos pasos en tu cuenta de Gmail. Si no fuiste tú, haz clic aquí."
ham,"Tranqui, yo me encargo de hacer la reserva en el restaurante. ¿Cuántos seremos al final?"
ham,"El bus de las 6 PM no pasó. Estoy esperando el siguiente. Llegaré tarde, perdón."
ham,¡Qué bien! La universidad aprobó mi solicitud de intercambio. Me voy a Toronto en septiembre.
ham,Recuerdo: Tienes que pagar la renta antes del primero de cada mes. Adjunto el link de pago.
ham,Te envío mi curriculum actualizado con mis nuevos proyectos. ¿Me das tu opinión sincera?
ham,"Oye, ¿viste que el precio de la gasolina volvió a subir? Esto es insostenible."
ham,"Mira, te dejé la llave de repuesto debajo de la maceta de la entrada. Úsala si me tardo."
ham,Ya estoy en casa de mi abuela. Te mando un mensaje cuando vaya de vuelta. Te quiero.
ham,El partido de baloncesto se pospuso por la lluvia. Jugaremos la próxima semana a la misma hora.
ham,"Oye, la pizza de pepperoni está en oferta hoy. ¿Pedimos una grande para cenar?"
ham,"Hola Juan, ¿me puedes dar el número de teléfono del electricista que vino la semana pasada?"
ham,Te confirmo: El depósito de $$500 fue procesado y aparecerá en tu saldo en 24 horas.
ham,¡Feliz cumpleaños! Espero que tengas un día increíble. ¿Celebrarás algo?
ham,Perdona la hora. ¿Mañana a las 8 AM en el parque? Necesito correr un poco.
ham,No encuentro la factura de la nevera. ¿La viste tú? Es importante por la garantía.
ham,"Hola Profe, ¿es verdad que no habrá clase el miércoles por el congreso?"
ham,Ya tengo los boletos para el cine. Son para la función de las 9:45 PM. Te veo ahí.
ham,"Mira, si tienes un momento, te agradecería que revisaras el documento final del informe."
ham,El perro destrozó el cojín nuevo. Necesito comprar otro hoy. ¿Me acompañas?
ham,Recordatorio: Tienes que tomar tu medicina después de cada comida. No lo olvides.
ham,"Oye, ¿te acuerdas de ese lugar de tacos? Vamos a cenar ahí, yo invito."
ham,El clima para el fin de semana dice que hará mucho sol. ¡Perfecto para la piscina!
ham,"Recibiste un correo electrónico del banco: ""Hemos detectado un intento de inicio de sesión sospechoso."""
ham,"Hola, soy Laura. Te hablo de la tienda para confirmar la entrega de tu colchón nuevo."
ham,La batería del coche murió. ¿Tienes un cable para pasar corriente? Estoy en el centro comercial.
ham,Solo quería desearte suerte en tu presentación de mañana. ¡Sé que te irá genial!
ham,La receta del pan lleva 300g de harina integral y 5g de levadura fresca. Es fácil.
ham,El pago mínimo de tu tarjeta de crédito es de $$$50. La fecha límite es el 25.
ham,Me pidieron que te dijera que el horario de visita en el hospital es hasta las 7 PM.
ham,"Por cierto, mi jefe me dio el día libre el jueves. ¿Hacemos algo ese día?"
ham,Aviso: El servicio de streaming subirá su precio a $$12.99 al mes a partir de enero.
ham,Te llamo en 15 minutos. Estoy saliendo de la reunión justo ahora. No cuelgues.
ham,Mira el mensaje de voz que te dejé. Es sobre la emergencia del agua.
spam,"Oye rápido!! Tu cuenta de Banamex se va a bloquear en 15 min por un cargo de $67,400 en Turquía… entra aquí ya para cancelarlo porfa: banamex-seguridad.com.mx"
spam,"Bebé estás sola ahorita? 😈 tengo ganas de verte… mándame una fotito y te mando las mías sin censura"
spam,"¡NO LO PIERDAS! Solo quedan 4 iPhone 16 Pro a $999… entra antes de que se agoten el link de abajo"
spam,"Mira… tu paquete de Mercado Libre está en aduana, son $187 pesos nada más de impuestos, pague ya o lo devuelven: link.aduana-mx.com"
spam,"Hola soy el ing. Ramírez de Telmex… tenemos falla masiva en tu zona, dame tu código de cliente para arreglarlo rápido"
spam,"Te lo juro que sí funciona… invertí $5,000 y en 4 días ya tenía $48,000 con cripto, te paso el bot?"
spam,"URGENTE tu INE aparece en lista roja del SAT… evita multa de $87,000 entrando aquí ahorita mismo"
spam,"Hola preciosa… vi tu perfil y wow… eres exactamente lo que siempre busqué ❤ quieres que hablemos privado?"
spam,"Tu WhatsApp será desactivado en 2 horas si no confirmas tu número aquí… ya le pasó a mi prima"
spam,"Mira nada más… ganaste $750,000 en el sorteo de Liverpool, solo confirma tus datos en el link y te depositan mañana"
spam,"Pastillas que usó mi hermana… bajó 18 kilos en un mes y sin ejercicio, te paso el contacto?"
spam,"Hola guapo… estoy super solita en el depa… quieres venir o te paso mi ubicación? 😏"
spam,"Amazon detectó compra sospechosa de $124,800 con tu tarjeta… cancélala aquí antes de que sea tarde"
spam,"Recarga $200 en Oxxo y te doy $1,000 de saldo gratis… ya lo hice ayer y sí llegó"
spam,"Tu celular está siendo espiado… descarga esta app y te digo cómo borrarlo todo"
spam,"¡Última hora! Vacantes en Pemex desde casa pagando $28,000 quincenal… entra antes de que cierren"
spam,"Tu cuenta de Netflix será cancelada hoy a medianoche… renueva con 90% descuento aquí"
spam,"Hola soy Ana… nos seguimos en insta verdad? 😳 me gustas mucho… quieres ver mis fotos privadas?"
spam,"Tu tarjeta Coppel fue clonada… bloquea rápido aquí o te vacían todo"
spam,"Gana $400 dólares diarios solo por ver videos… ya llevo 3 días cobrando, te paso el link?"
spam,"Tu vuelo de Volaris fue cancelado por tormenta… reagenda gratis y te dan $2,000 de compensación aquí"
spam,"Mira… encontré fotos tuyas íntimas en una página… paga $300 en bitcoin y las borro para siempre"
spam,"Hola amor… estoy en el hotel y tengo ganas… aceptas una videollamada rapidito? 🔥"
spam,"¡Felicidades! Tu número ganó el premio mayor de Pronósticos… ingresa aquí para cobrar los $3 millones"
spam,"Antivirus detectó 83 virus en tu celular… limpia gratis ahora o te roban todo"
spam,"Tu NIP fue capturado en un cajero… cámbialo aquí antes de que vacíen tu cuenta"
spam,"Crema que usan las famosas para borrar estrías en 8 días… te paso el link de la página original"
spam,"Tu cuenta de Facebook será eliminada en 1 hora… recupera aquí rapidito"
spam,"Invierte $10,000 hoy y mañana tienes $85,000… ya me pasó dos veces"
spam,"Hola soy el soporte de Microsoft… tu Windows tiene virus críticos, déjame ayudarte por control remoto"
spam,"Tu paquete de Shein está detenido… paga $149 y te llega mañana sin falta"
spam,"Gana un viaje todo pagado a Dubai para 2 personas… solo quedan 3 lugares"
spam,"Tu celular será bloqueado por IMEI duplicado… desbloquéalo aquí por solo $299"
spam,"Hola bebé… estás re linda en tu última foto… quieres ser mi sugar baby? 😘"
spam,"Tu tarjeta BBVA fue usada en España por $92,000… confirma que no fuiste tú aquí"
spam,"Curso para hacer $200,000 al mes en TikTok sin mostrar la cara… cupo cierra en 20 min"
spam,"Tu cuenta de Spotify fue hackeada… cambia contraseña aquí antes de que borren tus playlists"
spam,"¡Oferta relámpago! Audifonos AirPods Pro 2da gen por $299… solo hoy"
spam,"Hola soy el técnico de Totalplay… tu modem está fallando, dame tu código para arreglarlo ya"
spam,"Tu número fue seleccionado para recibir $1,000,000 del gobierno… ingresa aquí para cobrar"
spam,"Producto que me creció 7 cm en 30 días… te paso el antes y después si quieres"
spam,"Tu cuenta de Instagram será cerrada por violar normas… apela aquí rapidito"
spam,"Gana dinero manejando con publicidad en tu coche… $12,000 mensuales fácil"
spam,"Tu vuelo Aeroméxico fue sobrevendido… te dan $8,000 de compensación aquí"
spam,"Hola soy María del banco… necesitamos confirmar tu clave de seguridad por teléfono"
spam,"¡No lo vas a creer! Ganaste una casa en Polanco valorada en $18 millones"
spam,"Tu celular tiene un virus que graba todo… borralo gratis aquí"
spam,"Tarjeta de regalo Walmart $3,000 totalmente gratis… solo 6 restantes"
spam,"Hola amor… estoy super caliente ahorita… mándame algo rico y te mando video mío"
spam,"Tu paquete está en aduana CDMX… paga $199 y te llega mañana sin falta"
ham,"jajaja nooo ya valió, se me olvidó completamente la reunión de las 11… ahorita corro"
ham,"Oye… trajiste el cargador tipo C verdad?? el mío se descompuso y tengo 3% de batería :("
ham,"Ya estoy abajo en el coche… bajas o subo por ti? traigo hambre jeje"
ham,"Amor… acabo de salir del trabajo, paso por unas flores y llego como en 40 min ok?"
ham,"Mira esto que me mandó mi mamá por whatsapp… neta no puedo con ella jajajaja"
ham,"¿Sabes a qué hora cierra la tortillería de la esquina? se me antojaron de una vez"
ham,"Ya voy saliendo del gym… me baño rápido y paso por ti para la cena va?"
ham,"No manches… me acaban de hablar que aprobé el examen final 😭😭 estoy temblando"
ham,"Oye we… te encargo un cafecito de la máquina porfa? traigo $20 aquí te los dejo"
ham,"Ya guardé tu rebanada de pizza en el refri… no quería que se enfriara toda"
ham,"¿Te late ver la de Deadpool & Wolverine mañana? saqué boletos para las 8:20"
ham,"Estoy en el súper… ¿de qué quieres los yogures? de fresa o natural?"
ham,"Acabo de ver a tu ex en el Starbucks… neta no cambia jajaja"
ham,"¿Puedes contestarle a mi mamá que sí vamos el domingo? no traigo el celular"
ham,"Ya estoy en la fila del banco… esto va a estar eterno, llevo como 20 min y no avanzan"
ham,"Amor… me duele mucho la cabeza, ¿me traes una pastilla cuando vengas porfa?"
ham,"¿Te acuerdas dónde dejé las llaves del coche? las traía ayer y ahora no las encuentro"
ham,"Jajaja nooo, mi jefe me acaba de regañar por llegar 5 min tarde… qué día"
ham,"Ya terminé el reporte… te lo mando en 2 seg, solo estoy revisando que no tenga errores"
ham,"Oye… ¿crees que le guste el regalo a tu hermana? estoy dudando si cambiarlo"
ham,"Estoy viendo la serie que me recomendaste… ya voy en el capítulo 4 y no puedo parar"
ham,"¿Trajiste paraguas? está empezando a tronar fuerte aquí afuera"
ham,"Ya deposité lo de la luz… te paso captura para que veas, fueron $847"
ham,"Me acaba de hablar mi mamá llorando… el perro se perdió :("
ham,"¿A qué hora paso por ti mañana para ir con el contador? dime para poner alarma"
ham,"Jajaja nooo, mi sobrino me acaba de decir «tío estás viejo»… tengo 29 años nomás"
ham,"Ya estoy en la cama… te extraño mucho, ojalá estuvieras aquí abrazándome"
ham,"¿Puedes checar si dejé la estufa encendida? me está dando ansiedad"
ham,"Acabo de sacar 10 en el examen de estadística… estoy que no me la creo"
ham,"Oye… ¿me prestas $300 hasta el viernes? se me complicó esta semana"
ham,"Ya voy en el uber… en 15 min estoy allá, espérame con un abrazo grande"
ham,"¿Te acuerdas del nombre del restaurante que fuimos en diciembre? quiero reservar otra vez"
ham,"Mi mamá te manda saludar y dice que cuando quieras vayas a comer mole"
ham,"Estoy en el Oxxo… ¿quieres que te traiga una coca o algo?"
ham,"Ya terminé de planchar tu camisa blanca… quedó perfecta para mañana"
ham,"¿Viste lo que subió Luis al grupo? jajaja neta no tiene madre"
ham,"Amor… me acabo de quemar la lengua con la sopa, duele horrible"
ham,"¿Traes tu credencial? nos la piden para entrar al concierto"
ham,"Ya estoy formando la fila para los chilaquiles… llegas o te guardo lugar?"
ham,"Oye… me salió una entrevista el jueves, estoy nerviosísimo, ¿me ayudas a practicar?"
ham,"Acabo de ver que ya llegó el agua… subo las garrafas o las dejas abajo?"
ham,"¿Te late hacer enchiladas verdes el sábado? yo invito los ingredientes"
ham,"Jajaja mi papá acaba de mandar un audio de 4 minutos… todavía no lo abro"
ham,"Ya estoy en el camión… me dormí y casi me paso, ahorita bajo"
ham,"¿Puedes pasarme la receta del pastel de zanahoria de tu abuelita porfa?"
ham,"Estoy viendo fotos viejas y mira cómo estábamos de flacos en 2019 jajaja"
ham,"Oye… gracias por escucharme anoche, neta no sabes cuánto me ayudaste"
ham,"Ya guardé tu lugar en la mesa… llega antes de que se llene el lugar"
ham,"¿Trajiste el termo? aquí el café está carísimo"
ham,"Me acaba de hablar el veterinario… todo bien con el gato, solo era pelusa"
ham,"Ya estoy afuera de tu casa… abre cuando puedas, traigo frío"
spam,"Oye... tengo una oportunidad INCREÍBLE para ti. ¿Te interesa ganar dinero extra desde casa? Es super fácil, yo ya estoy ganando como $300 al día 😱"
ham,"Hola amor, ¿llegas temprano hoy? Es que quería saber si pasas por el super, se nos acabó la leche"
spam,"Felicidades!! 🎉 Su número fue seleccionado entre 10,000 participantes. Tiene un iPhone 16 PRO esperándole. Solo responda OK para reclamar"
ham,"mmm... no sé si puedo ir al cine el viernes, tengo mucho trabajo pendiente. ¿Podemos dejarlo para el sábado?"
spam,"ALERTA: Su cuenta bancaria presenta actividad sospechosa. Por seguridad, bloquee inmediatamente su tarjeta en este enlace: bancoseguro.verificar-cuenta.net"
ham,"Jajaja no me digas que otra vez se te olvidó la contraseña 😅 ¿quieres que te ayude a recuperarla?"
spam,"Hola, disculpe la molestia... me permito contactarle porque tenemos una oferta ESPECIAL de seguros de auto desde $200 mensuales. ¿Le interesa?"
ham,"Oye... perdón que te moleste tan tarde, es que no entiendo esta fórmula de Excel. ¿Mañana en la oficina me explicas?"
spam,"¡¡OFERTA RELÁMPAGO!! Solo HOY: Laptop Gamer RTX 4090 en $399 😱 Últimas 3 unidades... corre que se agotan!!!"
ham,"Ay no... otra vez tráfico en periférico 😒 Voy a llegar tarde a la reunión, ¿puedes cubrirme los primeros 10 minutos?"
spam,"Hola, soy María de atención al cliente. Su servicio de Netflix será CANCELADO en 24 horas debido a un problema de facturación. Actualice aquí: netflix-actualizar-pago.info"
ham,"Uff... qué día más pesado 😮‍💨 ¿Vamos por un café? Necesito despejarme un rato antes de seguir con el reporte"
spam,"INVERSIÓN GARANTIZADA: Duplique su dinero en 15 días!! Retornos del 100% asegurados. Mínimo $1,000. Escríbanos para más info 📈"
ham,"Oye, ¿tú sabes si Juan ya mandó el documento que necesitamos? Es que lo estoy esperando para terminar mi parte..."
spam,"¡GANE $5000 MENSUALES! Trabaje desde su celular 2 horas al día. Sin experiencia requerida. Registro gratuito: ingresos-extras.com/registro"
ham,"Ay cielos, se me pasó completamente llamar al doctor para reprogramar la cita 😣 Mañana sin falta lo hago, prometido"
spam,"URGENTE: Su paquete de Amazon no pudo ser entregado. Problema con la dirección. Actualice sus datos aquí: amazon-actualizar-datos.urgente"
ham,"Jajajaja no me digas que te pasó lo mismo!! 😂 A mí también se me traba esa puerta, hay que darle en el ángulo exacto"
spam,"Hola, soy Carlos... disculpe la intrusión. Tenemos una promoción exclusiva de préstamos personales hasta $100,000 sin aval. ¿Le interesa?"
ham,"Mmm... no estoy segura de qué llevar a la fiesta. ¿Tú crees que con este vestido queda bien o mejor me pongo algo más casual?"
spam,"¡FELICIDADES! 🎊 Su número de teléfono ganó un viaje todo incluido para 2 personas a Cancún. Responda VIAJE para reclamar su premio"
ham,"Oye... perdón que te escriba así de repente, es que me acordé que mañana es el cumpleaños de tu mamá. ¿Ya compraste regalo?"
spam,"ALERTA DE SEGURIDAD: Detectamos acceso no autorizado a su cuenta de Facebook. Verifique su identidad inmediatamente: facebook-verificar-cuenta.seguridad"
ham,"Uy... se me hizo tarde!! 😱 Tengo que ir a recoger a los niños del colegio. ¿Podrías tú terminar de revisar esos documentos?"
spam,"TRABAJO DESDE CASA: Gane $200 diarios empaquetando productos. Horarios flexibles, ingreso semanal garantizado. Info: trabajohogar.ingresos.net"
ham,"Nooo... otra vez se me quemó el arroz 😫 ¿Por qué nunca me sale bien? Tú que eres chef, ¿qué estoy haciendo mal?"
spam,"OFERTA EXCLUSIVA: TV Samsung 75' 8K Smart TV por solo $499!! Precio de liquidación, solo 5 disponibles. Compre ahora: electrodomesticos-ofertas.shop"
ham,"Oye... ¿tú crees que debería decirle a María lo que pasó? Es que no quiero problemas, pero tampoco me parece justo"
spam,"¡PRÉSTAMO EXPRESS! $50,000 en 10 minutos. Sin buro crediticio, sin aval. Aprobación inmediata. Solicite: prestamos-express.rapido/dinero"
ham,"Ay... qué pereza tener que ir al banco hoy 😒 Ojalá pudiera hacer todo en línea, pero tengo que firmar esos documentos en persona"
spam,"HERENCIA MILLONARIA: Un familiar lejano le dejó $2,500,000 USD. Para reclamar su herencia, contacte al abogado Rodríguez al 555-847-3921"
ham,"Jajaja me imagino la cara que habrás puesto cuando te dijeron eso!! 😂 Oye, ¿y cómo reaccionó el jefe al final?"
spam,"¡PERDER PESO RÁPIDO! Descubra el secreto que los médicos no quieren que sepa. Baje 10kg en 2 semanas sin dieta estricta. Info: dietasecreta-adelgazar.pro"
ham,"Mmm... no sé qué cocinar hoy. ¿Hambre de algo específico? Se me antojan unos tacos, pero no sé si tú quieras lo mismo"
spam,"GANE UN AUTOMÓVIL NUEVO! Participe en nuestro sorteo exclusivo. BMW Serie 5 2024. Envía AUTO al 28475 para participar GRATIS"
ham,"Oye... se me olvidó preguntarte, ¿cómo le fue a tu hijo en el examen de matemáticas? Espero que mejor que la última vez"
spam,"ALERTA: Su servicio de agua potable será SUSPENDIDO en 48 horas por falta de pago. Evite la suspensión pagando aquí: agua-pago-urgente.municipal"
ham,"Uff... qué frío hace hoy!! 🥶 ¿Viste que bajó la temperatura de repente? Mejor me pongo otro suéter"
spam,"INVERSIÓN EN CRIPTO: Bitcoin llegará a $500,000 este año!! Invierta ahora y obtenga ganancias del 1000%. Asesoría gratuita: cryptoinversion-ganancias.biz"
ham,"Ay no... creo que dejé las luces del carro encendidas 😣 Voy a checar, espero que no se me haya descargado la batería"
spam,"TRABAJO EN CRUCEROS: Gane $5,000 mensuales + alojamiento y comida. Viaje por el mundo. Sin experiencia requerida. Inscripción: trabajocruceros.viajes"
ham,"Oye... ¿tú sabes si ya pagaron la nómina? Es que necesito hacer unas transferencias y no quiero que me reboten"
spam,"¡URGENTE! Su licencia de conducir será REVOCADA por múltiples infracciones. Para evitar la cancelación, actualice sus datos: licencia-actualizar.gob"
ham,"Jajaja no puedo creer que hayas dicho eso en la reunión!! 😂 Pero tenías razón, alguien tenía que decirlo"
spam,"OFERTA DE TRABAJO: Modelos webcam ganan $300 por hora. Horarios flexibles, trabajo desde casa. Registro: webcam-modelos.empleo/trabajo"
ham,"Mmm... creo que me equivoqué de ruta, esto no me suena 😕 Voy a tener que usar el GPS, llegaré un poco más tarde"
spam,"¡GANE PREMIOS INSTANTÁNEOS! Responda esta pregunta: ¿Cuál es la capital de Francia? Envíe su respuesta al 555-23 y gane $1000 en efectivo"
ham,"Oye... perdón la pregunta tonta, pero ¿tú sabes cómo se resetea el router? Es que se cayó el internet otra vez"
spam,"ALERTA MÉDICA: Su seguro de gastos médicos está por VENCER. Renovación automática falló. Actualice aquí: seguro-medico-renovar.salud"
ham,"Uy... se me pasó completamente felicitarte por tu ascenso!! 🎉 ¿Cuándo nos vas a invitar a celebrar?"
spam,"PRÉSTAMO PARA NEGOCIOS: Hasta $500,000. Aprobación en 24 horas. Tasas preferenciales. Solicite su crédito: prestamo-empresarial.negocios"
ham,"Nooo... otra vez se me cortó el internet en medio de la videollamada 😫 Qué mala suerte tengo con esta compañía"
spam,"¡LIQUIDACIÓN TOTAL! Muebles de sala y comedor hasta 80% descuento. Solo este fin de semana. Visite: muebleria-ofertas.liquidacion"
ham,"Oye... ¿tú crees que debería cortarme el pelo así de corto? Es que tengo miedo de que no me quede bien"
spam,"TRABAJO PARA ESTUDIANTES: Gane $800 semanales. Horarios flexibles, perfecto para universitarios. Informes: empleo-estudiantes.trabajo/ingresos"
ham,"Ay... qué sueño tengo hoy 😴 Creo que anoche me dormí muy tarde viendo esa serie"
spam,"¡URGENTE! Su certificado de nacimiento necesita VERIFICACIÓN inmediata. Actualice sus datos aquí: actas-civil-verificar.gob/documentos"
ham,"Jajaja me acordé de cuando nos perdimos en ese viaje!! 😂 Qué susto nos pegamos, pero qué buena historia ahora"
spam,"INVERSIÓN EN ORO: Precios subirán 300% este trimestre. Oportunidad única. Invierta ahora: oro-inversion.metales-preciosos/ganancias"
ham,"Mmm... no sé si ir al gimnasio hoy o mejor mañana. Es que estoy cansada, pero si no voy después me da culpa"
spam,"GANE UN DEPARTAMENTO DE LUJO! Sorteo exclusivo para clientes. 2 recámaras, 2 baños, amenities. Participe: departamento-sorteo.vivienda"
ham,"Oye... se me olvidó completamente comprar el pan para la cena 😣 ¿Crees que puedas pasar por la panadería?"
spam,"ALERTA TRIBUTARIA: Tiene multas pendientes con el SAT. Evite embargos actualizando su situación aquí: sat-multas-pagar.impuestos/urgente"
ham,"Uff... qué calor hace en esta oficina!! 🥵 ¿Por qué siempre ponen el aire tan bajo? Parece que estoy en el desierto"
spam,"TRABAJO EN EL EXTRANJERO: Canadá busca trabajadores. Salario $7,000 mensuales + vivienda. Visa incluida. Aplicar: canadá-empleos.work/migracion"
ham,"Ay no... creo que me equivoqué de archivo y borré el importante 😱 Espero que esté en la papelera de reciclaje"
spam,"OFERTA ESPECIAL: Consola PlayStation 5 + 10 juegos + mando extra por $299. Últimas unidades. Compra: gamers-ofertas.consolas/playstation"
ham,"Oye... perdón que te moleste, pero ¿me prestas $100 hasta el viernes? Es que se me acabó el dinero y tengo que pagar el estacionamiento"
spam,"¡PRÉSTAMO PERSONAL! Hasta $100,000 sin intereses los primeros 3 meses. Aprobación inmediata. Solicite: prestamo-personal.dinero/credito"
ham,"Jajaja qué cara te debió haber quedado cuando viste eso!! 😂 Oye, pero en serio, ¿cómo reaccionaste?"
spam,"ALERTA DE VIRUS: Su computadora tiene 15 archivos infectados. Descargue el antivirus urgente aquí: pc-antivirus.scan/proteccion"
ham,"Mmm... no estoy segura de si entendí bien las instrucciones. ¿Podrías explicarme otra vez lo del reporte mensual?"
spam,"INVERSIÓN EN BIENES RAÍCES: Retornos del 400% en 6 meses. Proyectos de lujo. Información: bienes-raices-inversion.propiedades/lujo"
ham,"Uy... casi se me pasa!! Es el cumpleaños de tu hermana mañana, ¿verdad? ¿Ya compramos algo o mejor le damos dinero?"
spam,"TRABAJO DESDE CASA: Gane $150 diarios completando encuestas. Ingreso semanal garantizado. Registro: encuestas-pago.dinero-extra/empleo"
ham,"Oye... ¿tú crees que debería decirle la verdad o mejor me quedo callada? Es que no quiero herir sus sentimientos"
spam,"¡URGENTE! Su servicio de gas natural será CORTADO en 12 horas. Pague ahora para evitar la suspensión: gas-pago-emergencia.servicio"
ham,"Ay... qué pereza tener que lavar la ropa hoy 😫 Pero ya no tengo nada limpio que ponerme"
spam,"GANE UN VIAJE A EUROPA! 10 días todo incluido para 2 personas. París, Roma, Londres. Participe: europa-viaje-sorteo.vacaciones/tour"
ham,"Jajaja no me digas que otra vez se te olvidó la contraseña del wifi!! 😅 Deberías anotarla en algún lugar"
spam,"OFERTA DE SEGURO: Seguro de auto desde $150 mensuales. Cobertura completa. Cotice sin compromiso: seguros-auto.barato/proteccion"
ham,"Mmm... creo que me pasé con la sal en la comida 😕 Espero que no esté demasiado salado para ti"
spam,"PRÉSTAMO UNIVERSITARIO: Hasta $200,000 para estudiantes. Sin intereses durante la carrera. Solicite: prestamo-estudiantes.universidad/educacion"
ham,"Oye... se me acaba de ocurrir una idea para el proyecto. ¿Crees que funcione o es muy loca?"
spam,"ALERTA MIGRATORIA: Su pasaporte necesita actualización URGENTE. Renueve aquí: pasaporte-renovacion.urgente/viajes"
ham,"Uff... qué día más largo!! 🥱 Creo que me voy a dormir temprano hoy, estoy agotada"
spam,"INVERSIÓN EN ENERGÍA SOLAR: Retornos del 500% en 1 año. Proyectos verdes. Informes: energia-solar-inversion.verde/ganancias"
ham,"Ay no... creo que dejé el cargador del celular en la oficina 😣 Mañana voy a tener que usar el de emergencia"
spam,"TRABAJO EN DUBAI: Salarios de $10,000 mensuales. Alojamiento y transporte incluidos. Contrato de 2 años. Aplicar: dubai-trabajo.empleo/sueldo"
ham,"Jajaja me encanta cuando haces esa cara!! 😂 Pareces niño cuando se le cae el helado"
spam,"OFERTA EXTREMA: Dron DJI Mavic 3 Pro por $199. Precio de liquidación. Solo 2 disponibles. Compre: drones-ofertas.tecno/dji"
ham,"Oye... perdón la pregunta random, pero ¿tú sabes cómo se quita una mancha de vino tinto? Es que se me cayó en la alfombra"
spam,"¡URGENTE! Su dominio web expira en 24 horas. Renovación automática falló. Renueve manualmente: dominio-renovar.web/hosting"
ham,"Mmm... no sé si comprar este vestido o esperar a que baje de precio. Está lindo, pero un poco caro"
spam,"GANE $1000 DIARIOS! Trading automático de criptomonedas. Retornos garantizados. Registro: crypto-trading.automatico/ganancias"
ham,"Uy... casi choco!! 😱 Ese carro se me atravesó de la nada. Qué susto me pegó"
spam,"ALERTA DE SEGURIDAD: Su email fue hackeado. Cambie su contraseña inmediatamente aquí: email-seguridad.actualizar/contrasena"
ham,"Oye... ¿te acuerdas de cómo se hace esa receta que hizo tu mamá la última vez? Es que quiero intentar hacerla"
spam,"Oye, perdón que te escriba así de repente... es que tengo esta oportunidad de negocio que está generando hasta $500 diarios y pensé en ti. ¿Te interesa que te cuente?"
ham,"Uy, se me acaba de acordar... ¿compraste el pan para la cena o tengo que pasar yo por él?"
spam,"¡FELICIDADES! 🎉 Su número fue seleccionado entre miles. Tiene un Samsung Galaxy S24 esperándole. Solo responda SÍ para reclamar su premio inmediatamente"
ham,"Mmm... no termino de decidirme con estas cortinas. ¿Tú crees que quedan mejor en beige o en gris claro? Es que la habitación queda muy oscura a veces"
spam,"ALERTA IMPORTANTE: Su servicio de Amazon Prime presenta problemas de facturación. Será cancelado en 24 horas si no actualiza su método de pago aquí: amazon-actualizar.info"
ham,"Jajaja no me digas que otra vez se te olvidó donde dejaste las llaves del carro 😅 ¿Revisaste en el bolsillo del abrigo?"
spam,"Hola, soy Andrea de atención al cliente. Su cuenta de Netflix necesita verificación urgente. Actualice sus datos aquí para evitar la suspensión: netflix-verificar-cuenta.net"
ham,"Oye... perdón que te moleste tan temprano, es que el niño tiene fiebre y no puedo llevarlo al colegio. ¿Podrías tú pasar por los otros?"
spam,"INVERSIÓN ÚNICA: Bitcoin alcanzará los $200,000 este mes. Invierta ahora y obtenga ganancias del 500%. Asesoría gratuita: crypto-oportunidad.inversion"
ham,"Uff... qué sueño tengo hoy 😴 Anoche me quedé hasta tarde terminando ese reporte. ¿Tú pudiste dormir bien?"
spam,"TRABAJO INMEDIATO: Gane $800 semanales desde casa. Solo necesita smartphone e internet. Horarios flexibles. Registro rápido: empleo-casa.dinero/ingresos"
ham,"Ay no... creo que me equivoqué de ingrediente para la torta 😕 Esto es harina de trigo o de maíz? Es que se me mezclaron los botes"
spam,"¡PRÉSTAMO EXPRESS! $25,000 en 15 minutos. Sin aval, sin buro crediticio. Aprobación 100% garantizada. Solicite: prestamo-rapido.dinero/credito"
ham,"Oye, se me ocurrió algo... ¿qué tal si en lugar de cine vamos al nuevo restaurante italiano? Es que tengo antojo de pasta hace días"
spam,"URGENTE: Su paquete de DHL no pudo ser entregado. Problema con la dirección de envío. Actualice sus datos aquí: dhl-actualizar-datos.paquete"
ham,"Jajaja me acordé de cuando intentamos armar ese mueble y nos sobraron like 20 tornillos!! 😂 Nunca supimos para dónde iban"
spam,"OFERTA RELÁMPAGO: iPhone 15 Pro Max por $299. Últimas 2 unidades disponibles. Precio de liquidación. Compre ahora: apple-ofertas.iphone/tienda"
ham,"Mmm... no sé si mandar este email ahora o mejor esperar a mañana en la mañana. Es que no quiero parecer desesperado, pero tampoco quiero que se enojen"